SET NAMES utf8mb4;
START TRANSACTION;
INSERT INTO Avion(Immatriculation,Modele,Capacite) VALUES ('AC001','ATR 72-600',22),('AC002','Airbus A319',25),('AC003','Embraer E190',30),('AC004','Airbus A220-100',26),('AC005','Boeing 737-700',29),('AC006','Embraer E190',27),('AC007','Boeing 737-700',26),('AC008','Embraer E190',25),('AC009','Airbus A319',30),('AC010','Airbus A319',22),('AC011','Embraer E190',22),('AC012','Airbus A319',25),('AC013','Airbus A220-100',30),('AC014','Embraer E190',30),('AC015','Airbus A319',24);
INSERT INTO Aeroport(Code_IATA,Nom_Aero,Pays_Aero,Ville_Aero) VALUES ('CDG','Paris Charles de Gaulle','France','Paris'),('ORY','Paris Orly','France','Paris'),('LHR','Heathrow','United Kingdom','London'),('LGW','Gatwick','United Kingdom','London'),('FRA','Frankfurt','Germany','Frankfurt'),('MUC','Munich','Germany','Munich'),('AMS','Amsterdam Schiphol','Netherlands','Amsterdam'),('BRU','Brussels','Belgium','Brussels'),('MAD','Adolfo Suárez Madrid–Barajas','Spain','Madrid'),('BCN','Barcelona-El Prat','Spain','Barcelona'),('LIS','Humberto Delgado','Portugal','Lisbon'),('OPO','Francisco Sá Carneiro','Portugal','Porto'),('FCO','Rome Fiumicino','Italy','Rome'),('MXP','Milan Malpensa','Italy','Milan'),('ZRH','Zurich','Switzerland','Zurich'),('VIE','Vienna International','Austria','Vienna'),('CPH','Copenhagen','Denmark','Copenhagen'),('ARN','Stockholm Arlanda','Sweden','Stockholm'),('OSL','Oslo Gardermoen','Norway','Oslo'),('DUB','Dublin','Ireland','Dublin'),('IST','Istanbul Airport','Türkiye','Istanbul'),('ATH','Athens','Greece','Athens'),('PRG','Prague','Czechia','Prague'),('WAW','Warsaw Chopin','Poland','Warsaw'),('BUD','Budapest','Hungary','Budapest'),('HEL','Helsinki Vantaa','Finland','Helsinki'),('JFK','John F. Kennedy','USA','New York'),('YYZ','Toronto Pearson','Canada','Toronto'),('DXB','Dubai International','UAE','Dubai'),('DOH','Hamad International','Qatar','Doha'),('CAI','Cairo International','Egypt','Cairo'),('CMN','Casablanca Mohammed V','Morocco','Casablanca'),('RAK','Marrakech Menara','Morocco','Marrakech'),('JNB','O. R. Tambo','South Africa','Johannesburg'),('CPT','Cape Town','South Africa','Cape Town'),('NBO','Jomo Kenyatta','Kenya','Nairobi'),('ACC','Kotoka','Ghana','Accra'),('DKR','Léopold Sédar Senghor','Senegal','Dakar'),('ABJ','Felix Houphouet-Boigny','Côte d’Ivoire','Abidjan'),('TUN','Tunis-Carthage','Tunisia','Tunis');
INSERT INTO Passager(IdPassager,Nom_passager,Prenom_passager,DateNaissance_passager,Nationalite_passager) VALUES (1,'Petrov','Kamil','2005-07-15','Belge'),(2,'Haddad','Sven','1993-04-01','Ghanéenne'),(3,'Yamamoto','Ava','2007-06-02','Tunisienne'),(4,'Smith','Andre','1965-11-27','Danoise'),(5,'Brown','Diego','1993-02-24','Hongroise'),(6,'Martinez','Raphael','1981-10-27','Grecque'),(7,'Ito','Amelia','2001-09-09','Émiratie'),(8,'Ahmed','Isabella','1976-07-19','Polonaise'),(9,'Greco','Renata','1962-08-03','Irlandaise'),(10,'Ionescu','Hana','1948-06-15','Ougandaise'),(11,'Popov','Julien','1985-06-20','Américaine'),(12,'Mansour','Andre','1978-07-23','Irlandaise'),(13,'Martin','Thomas','1973-05-31','Canadienne'),(14,'Williams','Aiko','2003-04-29','Britannique'),(15,'Larsen','Wei','1966-07-24','Ougandaise'),(16,'Pereira','Henry','1987-03-24','Portugaise'),(17,'Perez','Yuki','1964-07-03','Danoise'),(18,'Rodriguez','Petra','1954-02-04','Rwandaise'),(19,'Rossi','Omar','1999-02-03','Algérienne'),(20,'Haddad','Pablo','1986-11-21','Nigériane'),(21,'Perez','Elena','1947-09-08','Américaine'),(22,'Richard','Daniel','1946-04-02','Belge'),(23,'Kim','Neha','2003-07-16','Qatarie'),(24,'Rossi','Mark','1994-05-27','Ghanéenne'),(25,'Sharma','Ethan','1965-09-08','Finlandaise'),(26,'Kobayashi','William','1958-05-11','Qatarie'),(27,'Johnson','Charlotte','1946-07-17','Belge'),(28,'Choi','Noura','1979-12-19','Irlandaise'),(29,'Kim','Fatima','2002-03-27','Danoise'),(30,'Williams','Daniel','1993-06-16','Tunisienne'),(31,'Brown','Tiago','1975-03-12','Hongroise'),(32,'Thomas','Ibrahim','1999-03-07','Espagnole'),(33,'Nowak','Fatima','1968-02-12','Sénégalaise'),(34,'Ito','Nina','1984-12-26','Norvégienne'),(35,'Rodriguez','Amelia','1984-11-17','Britannique'),(36,'Petrov','Renata','1981-02-03','Égyptienne'),(37,'Nowak','Mark','1956-02-27','Algérienne'),(38,'Zhang','Kamil','2007-04-07','Tunisienne'),(39,'Kobayashi','Camila','1989-01-11','Portugaise'),(40,'Thomas','James','2003-01-14','Danoise'),(41,'Kobayashi','Amelia','1985-11-30','Tunisienne'),(42,'O''Brien','Joon','1947-04-29','Ivoirienne'),(43,'Perez','Minh','1993-12-29','Polonaise'),(44,'Popov','Ravi','1957-09-12','Ougandaise'),(45,'Ferrari','Ravi','2006-03-27','Américaine'),(46,'Khan','Camila','1946-02-27','Norvégienne'),(47,'Russo','Yuki','2006-10-21','Portugaise'),(48,'Williams','Zoé','1958-07-09','Algérienne'),(49,'Novak','Khalid','1964-09-04','Norvégienne'),(50,'Ivanov','Charlotte','1993-07-31','Portugaise'),(51,'Khalil','Emily','1994-06-20','Turque'),(52,'Khan','Erik','1982-04-27','Portugaise'),(53,'Kobayashi','Karim','1976-04-23','Norvégienne'),(54,'Nowak','Anika','1953-05-25','Belge'),(55,'Ben Ali','Hana','1983-04-10','Ivoirienne'),(56,'Moreau','Manon','1947-02-14','Sud-Africaine'),(57,'Costa','Ethan','1950-08-30','Sénégalaise'),(58,'Li','Isabella','1992-07-01','Turque'),(59,'Ionescu','Kamil','1993-12-28','Norvégienne'),(60,'Kobayashi','Layla','1981-02-05','Turque'),(61,'Thomas','Gabriel','1950-01-14','Grecque'),(62,'Gonzalez','Emma','1990-06-08','Suisse'),(63,'Choi','Daria','1964-01-29','Française'),(64,'Conti','Omar','1958-07-26','Ivoirienne'),(65,'Khalil','Mia','1947-08-11','Espagnole'),(66,'Jensen','Wei','1962-08-31','Norvégienne'),(67,'Brown','Sofia','1956-08-06','Sénégalaise'),(68,'Papadopoulos','Liam','2004-01-25','Sud-Africaine'),(69,'Nielsen','Zain','1945-11-13','Finlandaise'),(70,'Khalil','Elena','1985-04-21','Finlandaise'),(71,'Lam','Sara','1948-08-11','Égyptienne'),(72,'Davis','Jade','2001-05-06','Portugaise'),(73,'Papadopoulos','Olga','1972-10-05','Égyptienne'),(74,'Davis','Khalid','1998-12-01','Grecque'),(75,'Greco','Neha','1963-09-27','Nigériane'),(76,'Chen','Yara','1989-06-03','Espagnole'),(77,'Korhonen','Noura','1967-05-03','Qatarie'),(78,'Perez','Anna','1997-04-11','Kenyanne'),(79,'Mansour','Pierre','1983-07-26','Espagnole'),(80,'Ferrari','Olivia','1991-01-23','Rwandaise'),(81,'Lam','Manon','1989-05-24','Norvégienne'),(82,'Silva','Olivia','1978-10-29','Allemande'),(83,'Horvat','Youssef','2006-02-02','Suisse'),(84,'Kim','Mark','1965-10-27','Irlandaise'),(85,'Jones','James','1973-03-14','Tunisienne'),(86,'Haddad','Daria','1997-04-07','Qatarie'),(87,'Rossi','Tiago','1956-10-16','Finlandaise'),(88,'Silva','Noah','1977-06-23','Irlandaise'),(89,'Papadopoulos','Victoria','1979-10-06','Tunisienne'),(90,'Sokolov','Karim','1973-05-17','Suisse'),(91,'Kobayashi','Sven','1992-10-14','Danoise'),(92,'Sokolov','Olga','1965-05-22','Portugaise'),(93,'Johnson','Ibrahim','1989-05-30','Kenyanne'),(94,'Tanaka','Fatima','1966-06-30','Nigériane'),(95,'Ahmed','Lea','1962-02-08','Qatarie'),(96,'Rodriguez','Elena','1963-01-18','Portugaise'),(97,'Bernard','Ming','1990-04-17','Polonaise'),(98,'Popa','Priya','1961-08-15','Ivoirienne'),(99,'Horvat','Marek','1969-03-30','Irlandaise'),(100,'Robert','Adam','1990-07-31','Hongroise'),(101,'Russo','Noah','1969-04-03','Égyptienne'),(102,'Tran','Nikolai','1974-11-13','Rwandaise'),(103,'Tran','Beatriz','2005-02-15','Hongroise'),(104,'Zhao','Layla','1968-11-17','Kenyanne'),(105,'Lam','Jade','1999-05-11','Tunisienne'),(106,'Bernard','Andre','1969-02-11','Danoise'),(107,'Wang','Ibrahim','1952-04-20','Américaine'),(108,'Costa','James','2007-01-31','Allemande'),(109,'Petrov','Julien','1960-05-11','Turque'),(110,'Tran','Elena','1997-11-28','Ivoirienne'),(111,'Zhang','Igor','1962-08-11','Sénégalaise'),(112,'Nguyen','Pierre','1961-05-08','Égyptienne'),(113,'Ferrari','Haruto','1955-07-28','Autrichienne'),(114,'Santos','Ivan','1965-09-29','Sénégalaise'),(115,'Costa','Aya','1963-09-12','Ougandaise'),(116,'Tanaka','Gabriel','1989-07-01','Française'),(117,'Thomas','Ming','2005-11-05','Émiratie'),(118,'Laurent','Ravi','1946-06-06','Polonaise'),(119,'Park','Gabriel','1966-02-07','Britannique'),(120,'Thomas','Emma','1992-09-28','Portugaise'),(121,'Rodriguez','Kamil','1986-01-07','Tunisienne'),(122,'Kobayashi','Giulia','1955-07-09','Émiratie'),(123,'Davis','Ethan','1972-11-22','Ougandaise'),(124,'Novak','Pierre','2005-09-08','Française'),(125,'Jensen','Petra','1950-05-27','Belge'),(126,'Garcia','Ava','1950-11-20','Sud-Africaine'),(127,'Garcia','Pablo','1964-10-05','Britannique'),(128,'Kim','Seojun','1949-11-17','Française'),(129,'Lam','Arjun','1951-01-11','Rwandaise'),(130,'Sato','Sven','2002-12-30','Américaine'),(131,'Santos','Ibrahim','1975-06-09','Irlandaise'),(132,'Williams','Ines','2007-06-17','Sud-Africaine'),(133,'Wang','Mark','1959-09-09','Finlandaise'),(134,'Williams','Hugo','1957-10-05','Américaine'),(135,'Sokolov','Leo','1969-10-11','Espagnole'),(136,'Jones','Hugo','1987-05-07','Suédoise'),(137,'Smith','Lea','1972-09-07','Danoise'),(138,'Zhao','Anna','1986-05-01','Égyptienne'),(139,'Ivanov','Ming','1988-03-01','Ivoirienne'),(140,'Park','Salma','1968-06-06','Irlandaise'),(141,'Ben Ali','Jade','1964-10-03','Britannique'),(142,'Ivanov','Ben','1955-12-23','Finlandaise'),(143,'Williams','Camila','1997-06-25','Autrichienne'),(144,'Papadopoulos','Victoria','1977-08-05','Suisse'),(145,'Murphy','Isabella','1993-07-22','Qatarie'),(146,'Perez','Layla','1975-08-29','Américaine'),(147,'O''Brien','Petra','1997-11-07','Ghanéenne'),(148,'Li','Ines','1952-09-30','Kenyanne'),(149,'Park','Layla','1980-03-17','Canadienne'),(150,'Ito','Ravi','1989-02-16','Tunisienne'),(151,'Horvat','Lan','1986-03-12','Sénégalaise'),(152,'Smith','Charlotte','1991-01-11','Marocaine'),(153,'Choi','Isabella','1969-03-12','Portugaise'),(154,'Johnson','Neha','1985-06-07','Française'),(155,'Kowalski','Amina','2003-05-05','Algérienne'),(156,'Kim','Ines','2000-07-24','Tchèque'),(157,'Andersson','Wei','1954-07-11','Turque'),(158,'Russo','Erik','1968-09-28','Marocaine'),(159,'Robert','Aiko','1995-11-20','Ghanéenne'),(160,'O''Brien','Olga','2006-08-10','Française'),(161,'Jones','Arjun','2005-03-10','Française'),(162,'Nowak','Youssef','2005-05-16','Grecque'),(163,'Ferrari','Amelia','1979-07-29','Suisse'),(164,'Chen','Igor','1965-07-01','Tchèque'),(165,'Tanaka','Leo','1953-08-24','Américaine'),(166,'Papadopoulos','Sonia','1987-12-03','Émiratie'),(167,'Davis','Thomas','1999-12-23','Espagnole'),(168,'Nowak','Leo','1946-08-02','Polonaise'),(169,'Murphy','Wei','1992-04-08','Ougandaise'),(170,'Ahmed','Ming','1999-12-24','Sud-Africaine'),(171,'Simon','Pierre','1990-09-07','Sénégalaise'),(172,'Brown','Giulia','1963-03-26','Ivoirienne'),(173,'Li','Ibrahim','2006-05-14','Hongroise'),(174,'Garcia','Renata','1963-05-16','Portugaise'),(175,'Mansour','Nadia','1952-12-31','Suédoise'),(176,'Chen','Hana','1988-02-01','Émiratie'),(177,'Durand','Noah','2001-05-29','Turque'),(178,'Zhang','Fatima','1970-05-10','Portugaise'),(179,'Kim','Youssef','1997-03-20','Ghanéenne'),(180,'Sharma','Pablo','1958-01-16','Sud-Africaine'),(181,'Nowak','Layla','1955-01-06','Algérienne'),(182,'Davis','Ewa','1978-10-18','Qatarie'),(183,'Gonzalez','Zoé','1967-04-07','Rwandaise'),(184,'Oliveira','Igor','1946-12-04','Rwandaise'),(185,'Ferrari','Zoé','2007-09-21','Autrichienne'),(186,'Horvat','Omar','1970-03-14','Autrichienne'),(187,'Nowak','Bao','1950-11-27','Française'),(188,'Jones','Salma','1999-02-21','Marocaine'),(189,'Richard','Yuki','2007-01-10','Sud-Africaine'),(190,'Hussain','Diego','1985-01-15','Marocaine'),(191,'Thomas','Hana','1989-04-05','Finlandaise'),(192,'Jones','Renata','2001-03-11','Tchèque'),(193,'Ionescu','Daria','1968-11-26','Canadienne'),(194,'Ivanov','Neha','1972-01-24','Suisse'),(195,'Tran','Emma','1955-12-20','Marocaine'),(196,'Yamamoto','Andre','1975-11-18','Rwandaise'),(197,'Rossi','Ming','1975-10-23','Portugaise'),(198,'Rodriguez','Liam','1989-05-31','Qatarie'),(199,'Kowalski','Ewa','1949-02-14','Danoise'),(200,'Moreau','Wei','1994-09-27','Nigériane'),(201,'Gonzalez','Charlotte','1990-09-16','Danoise'),(202,'Popov','Marta','1961-02-02','Britannique'),(203,'Wang','Nikolai','1964-01-06','Portugaise'),(204,'Dubois','Noor','2001-02-18','Britannique'),(205,'Georgiou','William','2007-05-29','Rwandaise'),(206,'Dubois','Nina','1975-08-17','Belge'),(207,'Ahmed','Noor','1976-08-11','Ougandaise'),(208,'Ionescu','Fatima','1954-12-13','Émiratie'),(209,'Oliveira','Seojun','1983-11-22','Qatarie'),(210,'Larsen','Nikolai','2004-03-10','Autrichienne'),(211,'Martin','Fatima','1964-03-21','Rwandaise'),(212,'Gonzalez','Adam','2005-03-10','Canadienne'),(213,'Martinez','Emma','1986-04-01','Turque'),(214,'Virtanen','Beatriz','1952-10-11','Qatarie'),(215,'Yamamoto','Ming','1990-10-28','Française'),(216,'Horvat','Anika','1994-06-06','Tunisienne'),(217,'Kim','Mark','1957-06-16','Kenyanne'),(218,'Davis','Gabriel','1950-07-02','Émiratie'),(219,'Costa','Olga','1973-04-09','Française'),(220,'Durand','Arthur','1976-03-22','Espagnole'),(221,'Kim','Victoria','1988-05-28','Sud-Africaine'),(222,'Ito','Seojun','1969-09-11','Française'),(223,'Brown','Ming','1950-08-25','Ghanéenne'),(224,'Miller','Yuki','1950-11-02','Égyptienne'),(225,'Laurent','Zain','1990-08-16','Ghanéenne'),(226,'Laurent','Noor','1946-02-24','Polonaise'),(227,'Zhang','Pierre','1992-12-05','Ougandaise'),(228,'Santos','Ben','1958-11-17','Suisse'),(229,'Ben Ali','Tiago','1978-07-23','Suisse'),(230,'Zhang','Pablo','2003-11-01','Finlandaise'),(231,'Ahmed','Alice','1970-01-13','Ivoirienne'),(232,'Simon','Manon','1992-01-18','Tchèque'),(233,'Martin','Neha','1975-01-21','Émiratie'),(234,'Johnson','Pablo','1964-08-20','Canadienne'),(235,'Durand','Noor','1953-05-10','Portugaise'),(236,'Ionescu','Salma','1953-07-21','Égyptienne'),(237,'Sato','Karim','2007-01-10','Ivoirienne'),(238,'Miller','Ewa','2004-12-04','Algérienne'),(239,'Bernard','Lucas','1949-04-16','Canadienne'),(240,'Ferrari','Jade','1952-07-07','Portugaise'),(241,'Khalil','Lea','1963-11-12','Suédoise'),(242,'Tran','Zoé','1953-08-29','Portugaise'),(243,'Larsen','Petra','1947-05-14','Italienne'),(244,'Laurent','Charlotte','1993-12-26','Suisse'),(245,'Moreau','Noor','1988-08-31','Hongroise'),(246,'Ben Ali','Pablo','1965-04-24','Sud-Africaine'),(247,'Ionescu','Sara','1969-10-27','Ghanéenne'),(248,'Pereira','Diego','2000-01-21','Rwandaise'),(249,'Khan','Emma','1968-02-27','Tchèque'),(250,'Ahmed','Zain','1970-07-06','Ivoirienne'),(251,'Durand','Manon','1997-06-16','Danoise'),(252,'Murphy','Omar','2004-07-18','Turque'),(253,'Virtanen','Pierre','1984-08-08','Irlandaise'),(254,'Nielsen','Amelia','1951-08-05','Autrichienne'),(255,'Haddad','Leo','1972-06-10','Finlandaise'),(256,'Choi','Elena','1999-01-16','Marocaine'),(257,'Ivanov','Khalid','1981-12-02','Italienne'),(258,'Georgiou','Sara','2001-07-24','Sud-Africaine'),(259,'Bernard','Zoé','1953-09-06','Espagnole'),(260,'Haddad','James','1987-09-07','Ghanéenne'),(261,'Popov','David','1988-02-06','Finlandaise'),(262,'Kim','Ben','1971-06-15','Portugaise'),(263,'Santos','Erik','1957-10-14','Portugaise'),(264,'Moreau','Neha','1950-03-19','Américaine'),(265,'Gonzalez','Hana','1947-01-16','Turque'),(266,'Popa','Aiko','1948-01-09','Ougandaise'),(267,'Murphy','Haruto','1984-07-02','Espagnole'),(268,'Lopez','Renata','1969-09-09','Belge'),(269,'Williams','Amelia','1950-12-11','Allemande'),(270,'Wang','Zain','1979-03-29','Kenyanne'),(271,'Georgiou','Adam','1992-05-08','Ivoirienne'),(272,'Wang','Beatriz','1968-03-06','Danoise'),(273,'Lopez','Pierre','1954-08-21','Marocaine'),(274,'Robert','Noura','1958-02-07','Tchèque'),(275,'Novak','Zain','1952-10-01','Belge'),(276,'Nielsen','Gabriel','1950-01-23','Autrichienne'),(277,'Smith','Nina','2000-02-11','Norvégienne'),(278,'O''Brien','Joon','1971-08-14','Danoise'),(279,'Haddad','Amina','1949-01-06','Ougandaise'),(280,'Nguyen','William','1993-10-30','Finlandaise'),(281,'Popov','Sonia','1995-03-08','Ivoirienne'),(282,'Wang','Salma','1991-02-15','Hongroise'),(283,'Korhonen','Omar','1976-10-16','Tunisienne'),(284,'Kowalski','Ming','1966-04-13','Algérienne'),(285,'Nielsen','Ming','2007-07-24','Polonaise'),(286,'Ben Ali','David','1945-03-17','Nigériane'),(287,'Petrov','Neha','1994-10-13','Britannique'),(288,'Hussain','Anika','1964-01-19','Kenyanne'),(289,'Tanaka','Sonia','1982-08-12','Tchèque'),(290,'Brown','Ivan','1954-06-12','Finlandaise'),(291,'Chen','Emily','2000-12-16','Danoise'),(292,'Choi','Minji','2000-07-09','Ghanéenne'),(293,'Hussain','Diego','1957-02-16','Française'),(294,'Lam','Thomas','1993-12-07','Britannique'),(295,'Thomas','Chloé','1994-03-08','Irlandaise'),(296,'Ivanov','Minh','1966-01-22','Grecque'),(297,'Khan','Minh','1976-08-27','Ougandaise'),(298,'Chen','Leo','1971-06-18','Autrichienne'),(299,'Li','Arjun','1986-05-06','Émiratie'),(300,'Papadopoulos','Nadia','1991-08-15','Tchèque'),(301,'Zhang','Yuki','1950-12-05','Suisse'),(302,'Zhao','Zain','1977-01-09','Italienne'),(303,'Garcia','Mia','1981-08-31','Polonaise'),(304,'Laurent','Alice','1972-12-25','Portugaise'),(305,'Rossi','Zain','1991-03-09','Canadienne'),(306,'Davis','Raphael','1962-05-09','Portugaise'),(307,'Li','Arjun','2000-09-28','Nigériane'),(308,'Novak','Petra','1948-06-02','Suédoise'),(309,'Murphy','Yara','1972-12-21','Émiratie'),(310,'Martinez','Ming','1952-01-13','Autrichienne'),(311,'Simon','Henry','1963-08-24','Française'),(312,'Yamamoto','Arthur','1961-04-07','Italienne'),(313,'Park','Hugo','1990-04-29','Hongroise'),(314,'Silva','Pierre','1976-03-26','Norvégienne'),(315,'Nowak','Julien','2003-12-12','Américaine'),(316,'Mansour','Thomas','1958-03-20','Qatarie'),(317,'Perez','Mia','2000-04-05','Danoise'),(318,'Novak','Ewa','1997-05-26','Espagnole'),(319,'Santos','Mia','1966-09-19','Polonaise'),(320,'Santos','Adam','1960-02-15','Américaine'),(321,'Greco','Leo','1978-05-21','Portugaise'),(322,'Jensen','Olga','2006-02-04','Hongroise'),(323,'Yamamoto','Arthur','1954-07-02','Sénégalaise'),(324,'Williams','Aya','1998-03-05','Sud-Africaine'),(325,'Johnson','Aiko','2004-06-12','Norvégienne'),(326,'Novak','Yara','1987-10-04','Turque'),(327,'Rossi','Gabriel','1967-04-03','Autrichienne'),(328,'Mansour','Zoé','1964-12-14','Kenyanne'),(329,'Smith','Yuki','2000-06-12','Américaine'),(330,'Murphy','Gabriel','2001-05-20','Nigériane'),(331,'Larsen','Olivia','2006-06-19','Danoise'),(332,'Durand','Bao','1992-09-24','Nigériane'),(333,'Perez','Omar','1976-10-19','Ghanéenne'),(334,'Thomas','Pierre','1967-02-05','Autrichienne'),(335,'Miller','Minji','1982-06-15','Américaine'),(336,'Mansour','Ben','1971-01-23','Suédoise'),(337,'Thomas','Noor','2002-08-25','Nigériane'),(338,'Zhao','Haruto','2003-06-16','Allemande'),(339,'Petrov','Omar','1951-04-19','Ivoirienne'),(340,'Mansour','William','1996-08-01','Portugaise'),(341,'Simon','Anna','1955-12-13','Marocaine'),(342,'Petrov','Noor','1979-03-12','Finlandaise'),(343,'Miller','Elias','1946-01-14','Italienne'),(344,'Murphy','Petra','1958-04-07','Hongroise'),(345,'Haddad','Lea','1976-01-10','Turque'),(346,'Russo','Salma','1950-06-07','Belge'),(347,'Andersson','Ewa','1954-05-06','Autrichienne'),(348,'Popa','Chloé','1945-06-20','Portugaise'),(349,'Ferrari','Maya','1956-11-12','Ghanéenne'),(350,'Nielsen','Mia','1960-06-26','Américaine'),(351,'Jones','Igor','1977-11-10','Norvégienne'),(352,'Gonzalez','Petra','1980-11-25','Portugaise'),(353,'Novak','Minh','1982-02-09','Américaine'),(354,'Martin','Sara','1983-11-29','Autrichienne'),(355,'Jensen','Ethan','1971-05-11','Française'),(356,'Tran','Petra','1977-04-14','Ougandaise'),(357,'Moreau','Karim','1953-06-03','Algérienne'),(358,'Russo','Adam','1968-09-24','Marocaine'),(359,'Conti','Karim','1972-11-08','Canadienne'),(360,'Virtanen','Ivan','1998-03-01','Kenyanne'),(361,'Tanaka','Neha','1981-05-08','Autrichienne'),(362,'Zhang','Victoria','1996-01-17','Italienne'),(363,'Jones','Lan','1969-03-15','Polonaise'),(364,'Andersson','Seojun','1954-04-01','Ivoirienne'),(365,'Ahmed','Ivan','2002-08-09','Norvégienne'),(366,'Kim','Nikolai','1978-10-05','Autrichienne'),(367,'Chen','Wei','1960-06-30','Ougandaise'),(368,'Rodriguez','Anna','1949-08-01','Autrichienne'),(369,'Tanaka','Seojun','1990-06-13','Polonaise'),(370,'Richard','David','1953-05-07','Nigériane'),(371,'Jones','Emma','1999-07-10','Norvégienne'),(372,'Kim','Aya','1961-11-26','Ivoirienne'),(373,'Kowalski','Bao','1972-12-04','Portugaise'),(374,'Singh','Marta','1965-03-19','Grecque'),(375,'Thomas','Elena','2002-07-11','Ivoirienne'),(376,'Jones','Olivia','1990-01-26','Ghanéenne'),(377,'Haddad','Liam','1982-11-16','Rwandaise'),(378,'Ferrari','Julien','2002-01-20','Émiratie'),(379,'Novak','Yara','1981-05-25','Qatarie'),(380,'Richard','Daniel','1955-10-16','Algérienne'),(381,'Kowalski','Pablo','1964-04-02','Norvégienne'),(382,'Simon','Mohamed','1988-04-06','Suisse'),(383,'Ferrari','Andre','1999-11-09','Tunisienne'),(384,'Nowak','Anna','1977-09-04','Tchèque'),(385,'Martinez','Lan','2000-01-11','Émiratie'),(386,'Ivanov','Aya','1984-03-22','Rwandaise'),(387,'Popov','Noor','2007-07-13','Kenyanne'),(388,'Wang','Layla','1946-07-03','Émiratie'),(389,'Davis','Sara','1999-07-22','Sénégalaise'),(390,'Korhonen','Ming','1964-09-01','Tunisienne'),(391,'Papadopoulos','Ava','1957-04-09','Algérienne'),(392,'Perez','Layla','1948-11-01','Portugaise'),(393,'Johnson','Elias','1984-06-07','Suédoise'),(394,'Zhao','Hugo','1945-06-24','Italienne'),(395,'Petrov','Khalid','1959-09-10','Irlandaise'),(396,'Andersson','George','1946-12-07','Canadienne'),(397,'Costa','Renata','1996-04-11','Rwandaise'),(398,'Horvat','Ibrahim','1984-07-28','Tunisienne'),(399,'Popov','Layla','1962-11-20','Turque'),(400,'Johnson','Hana','2001-06-19','Algérienne'),(401,'Horvat','Haruto','1968-12-03','Suédoise'),(402,'Zhang','Olivia','1987-11-08','Turque'),(403,'Perez','Mark','1964-04-15','Algérienne'),(404,'Perez','Elena','1964-06-04','Marocaine'),(405,'Papadopoulos','Daria','1969-12-15','Ghanéenne'),(406,'Sokolov','Gabriel','1954-02-11','Suédoise'),(407,'Robert','Igor','1996-03-01','Suédoise'),(408,'Martin','Andre','1957-05-25','Espagnole'),(409,'Perez','Ming','1981-09-23','Portugaise'),(410,'O''Brien','Ben','1962-12-11','Norvégienne'),(411,'Greco','Emma','1983-03-07','Ghanéenne'),(412,'Jones','Arthur','1988-02-01','Sénégalaise'),(413,'Robert','Erik','1995-01-16','Portugaise'),(414,'Virtanen','Jade','1993-10-06','Suédoise'),(415,'Durand','Omar','1993-12-31','Américaine'),(416,'Brown','Elena','1984-12-11','Irlandaise'),(417,'Khalil','Noah','1958-10-03','Portugaise'),(418,'Simon','Manon','1978-05-09','Kenyanne'),(419,'Georgiou','Renata','1992-04-11','Américaine'),(420,'Williams','Emma','1969-05-01','Canadienne'),(421,'Yamamoto','Fatima','1989-09-28','Norvégienne'),(422,'Mansour','Lea','1971-01-22','Canadienne'),(423,'Durand','Omar','1982-02-05','Portugaise'),(424,'O''Brien','Ivan','1960-09-22','Italienne'),(425,'Simon','Ben','2003-03-16','Autrichienne'),(426,'Ferrari','Raphael','1990-03-05','Ghanéenne'),(427,'Georgiou','Noah','1955-03-19','Nigériane'),(428,'Sokolov','Wei','2000-03-19','Canadienne'),(429,'Tanaka','Yuki','2005-04-11','Autrichienne'),(430,'Santos','Nina','2001-09-14','Marocaine'),(431,'Larsen','Julien','1948-09-02','Sud-Africaine'),(432,'Georgiou','Olivia','1982-04-05','Ougandaise'),(433,'Santos','Marek','1952-07-24','Danoise'),(434,'Hussain','Gabriel','1997-01-17','Hongroise'),(435,'Papadopoulos','Leo','1958-06-21','Britannique'),(436,'Santos','Hugo','1977-01-24','Kenyanne'),(437,'Andersson','Noura','1950-07-22','Hongroise'),(438,'Khan','Victoria','1995-09-21','Grecque'),(439,'Nowak','Yara','1980-07-26','Américaine'),(440,'Popa','Noah','1959-07-12','Belge'),(441,'Petrov','Layla','1956-04-11','Hongroise'),(442,'Popa','Nikolai','1953-03-28','Autrichienne'),(443,'Petrov','Layla','2001-08-06','Polonaise'),(444,'Santos','Nikolai','1983-09-08','Polonaise'),(445,'Sato','Joon','1982-07-25','Sud-Africaine'),(446,'Hussain','Elias','2007-01-10','Portugaise'),(447,'Choi','Aya','1968-06-16','Nigériane'),(448,'Kowalski','Emma','1983-03-16','Polonaise'),(449,'Robert','Charlotte','1950-01-14','Irlandaise'),(450,'Georgiou','Marek','1975-09-07','Britannique'),(451,'Khalil','Hugo','2004-12-21','Polonaise'),(452,'Martin','David','1945-04-21','Qatarie'),(453,'Nowak','Giulia','1976-04-03','Française'),(454,'Mansour','Amelia','1992-06-22','Qatarie'),(455,'Park','Diego','1966-09-23','Norvégienne'),(456,'Costa','Fatima','1948-07-09','Kenyanne'),(457,'Moreau','Ibrahim','1983-04-25','Rwandaise'),(458,'Martin','Ming','2000-12-18','Belge'),(459,'Laurent','Emma','1961-06-19','Portugaise'),(460,'Mansour','Erik','1972-11-17','Suisse'),(461,'Johnson','Khalid','1998-08-26','Autrichienne'),(462,'Kobayashi','Olivia','2006-04-15','Allemande'),(463,'Thomas','Daria','1992-10-01','Française'),(464,'Russo','Tiago','1945-03-11','Nigériane'),(465,'Costa','Ava','1947-09-20','Tunisienne'),(466,'Santos','Lan','2003-04-18','Qatarie'),(467,'Richard','Jade','1990-03-07','Portugaise'),(468,'Khalil','Elias','1948-04-27','Allemande'),(469,'Dubois','Elena','1982-08-22','Canadienne'),(470,'Larsen','George','1978-03-11','Britannique'),(471,'Pereira','Nadia','1951-01-02','Portugaise'),(472,'Thomas','Elias','1959-01-21','Ghanéenne'),(473,'Simon','Nadia','1985-08-24','Suisse'),(474,'Martin','Leo','1988-10-13','Norvégienne'),(475,'Ivanov','Gabriel','2003-03-15','Algérienne'),(476,'Nowak','David','1985-02-10','Irlandaise'),(477,'Park','Camila','1999-07-08','Portugaise'),(478,'Larsen','Salma','1972-11-21','Canadienne'),(479,'Nowak','Daniel','1961-08-29','Italienne'),(480,'Sokolov','Igor','2001-02-23','Canadienne'),(481,'Conti','Jade','1994-07-04','Algérienne'),(482,'Mansour','Henry','1953-07-20','Algérienne'),(483,'Pereira','Noah','1949-05-02','Française'),(484,'Lam','Hugo','1957-07-23','Britannique'),(485,'Pereira','Ravi','2001-06-05','Suisse'),(486,'Nguyen','Nikolai','1969-09-15','Française'),(487,'Petrov','Minh','1984-08-24','Kenyanne'),(488,'Park','Ben','1976-12-23','Tunisienne'),(489,'Moreau','Lan','1961-07-06','Portugaise'),(490,'Sato','Andre','1998-06-14','Turque'),(491,'Ahmed','Diego','1973-11-02','Irlandaise'),(492,'Mansour','Ivan','1955-12-01','Danoise'),(493,'Rodriguez','Leo','1959-02-15','Ougandaise'),(494,'Papadopoulos','Yuki','2005-08-21','Portugaise'),(495,'Zhao','George','1986-03-13','Kenyanne'),(496,'Russo','Adam','1984-08-26','Kenyanne'),(497,'Robert','Luca','1946-09-09','Espagnole'),(498,'Sokolov','Nadia','1976-02-09','Finlandaise'),(499,'Ben Ali','William','1958-06-12','Italienne'),(500,'Popa','Minji','1990-07-28','Marocaine'),(501,'Sanchez','Daria','1958-08-02','Ougandaise'),(502,'Rodriguez','Khalid','2005-11-19','Grecque'),(503,'Bernard','Layla','1969-08-19','Belge'),(504,'Choi','Neha','1947-02-17','Tunisienne'),(505,'Kowalski','Amina','1989-12-01','Kenyanne'),(506,'Kobayashi','Ines','1998-09-15','Ougandaise'),(507,'Jones','Luca','1990-09-10','Ghanéenne'),(508,'Park','Layla','2003-07-11','Qatarie'),(509,'Ferrari','Arjun','1970-05-26','Marocaine'),(510,'Kowalski','Sofia','1995-05-12','Sud-Africaine'),(511,'Korhonen','Kamil','1952-11-15','Ougandaise'),(512,'Sokolov','Arthur','1982-10-22','Turque'),(513,'Pereira','Minji','1964-01-01','Ougandaise'),(514,'Popov','Raphael','1997-11-13','Italienne'),(515,'Tanaka','Amina','1982-10-07','Canadienne'),(516,'Ionescu','Leo','1964-08-07','Sénégalaise'),(517,'Jensen','Wei','1948-12-08','Espagnole'),(518,'Simon','Daria','1951-04-12','Britannique'),(519,'Jones','Henry','1989-05-10','Irlandaise'),(520,'Hussain','Anna','1961-09-18','Espagnole'),(521,'Russo','Ming','1993-08-27','Portugaise'),(522,'Wang','Elias','1960-06-08','Irlandaise'),(523,'Yamamoto','Daniel','1995-04-08','Qatarie'),(524,'Wang','Pablo','1964-03-09','Suisse'),(525,'Virtanen','Erik','1987-05-02','Tchèque'),(526,'Smith','Youssef','1945-04-05','Norvégienne'),(527,'Robert','Tiago','1951-04-23','Turque'),(528,'Davis','Yara','1978-06-21','Italienne'),(529,'Haddad','Liam','1963-05-13','Grecque'),(530,'Martinez','Charlotte','1955-08-28','Hongroise'),(531,'Hussain','Neha','2000-04-01','Ougandaise'),(532,'Greco','Daria','2003-08-10','Tchèque'),(533,'Novak','Haruto','1992-09-28','Danoise'),(534,'Davis','Hugo','1948-10-31','Autrichienne'),(535,'Russo','Neha','1993-06-21','Norvégienne'),(536,'Zhao','Lucas','1975-04-01','Danoise'),(537,'Zhang','David','1981-03-29','Sénégalaise'),(538,'Miller','Nikolai','1965-12-03','Italienne'),(539,'Kowalski','Hana','1974-10-17','Belge'),(540,'Perez','Mohamed','1949-10-13','Égyptienne'),(541,'O''Brien','Petra','1995-10-25','Hongroise'),(542,'O''Brien','Noor','1953-07-03','Grecque'),(543,'Kim','Aya','1964-08-14','Sud-Africaine'),(544,'Brown','Fatima','1967-04-28','Ivoirienne'),(545,'Moreau','Luca','2005-08-26','Nigériane'),(546,'Robert','Nadia','1959-06-09','Portugaise'),(547,'Gonzalez','Liam','1975-12-17','Tunisienne'),(548,'Lopez','Aya','1987-04-27','Polonaise'),(549,'Santos','Ben','1962-04-02','Espagnole'),(550,'Moreau','Amelia','1992-02-18','Suisse'),(551,'Romano','Ben','1946-01-28','Ivoirienne'),(552,'Lam','Hugo','1975-02-10','Sénégalaise'),(553,'Ionescu','Camila','1983-02-01','Finlandaise'),(554,'Simon','Ming','1945-01-28','Tchèque'),(555,'Novak','Maya','1946-01-07','Portugaise'),(556,'Nowak','Ibrahim','1952-01-02','Émiratie'),(557,'Virtanen','Chloé','1983-06-06','Irlandaise'),(558,'Jones','Ravi','1979-03-27','Ghanéenne'),(559,'Williams','Olivia','1980-11-21','Turque'),(560,'Conti','Arthur','2004-05-05','Britannique'),(561,'Larsen','Arjun','1963-08-08','Ivoirienne'),(562,'Murphy','Emily','1954-10-06','Sénégalaise'),(563,'Sato','Omar','1999-01-10','Canadienne'),(564,'Zhang','Jade','1966-08-02','Égyptienne'),(565,'Brown','David','1945-08-02','Norvégienne'),(566,'Murphy','Joon','1992-06-03','Hongroise'),(567,'Durand','Sara','2002-10-22','Britannique'),(568,'Oliveira','Henry','1999-12-07','Qatarie'),(569,'Ivanov','Omar','1957-09-03','Polonaise'),(570,'Brown','Isabella','1959-04-08','Algérienne'),(571,'Petrov','Sonia','1983-02-13','Polonaise'),(572,'Sokolov','Bao','2000-07-14','Hongroise'),(573,'Richard','Raphael','1980-10-18','Norvégienne'),(574,'Perez','Igor','1959-08-04','Allemande'),(575,'Romano','Beatriz','1954-12-10','Irlandaise'),(576,'Greco','Manon','1988-02-23','Polonaise'),(577,'Chen','Adam','1947-02-16','Italienne'),(578,'Gonzalez','Hugo','1996-05-07','Ougandaise'),(579,'Conti','Igor','1963-04-29','Émiratie'),(580,'Garcia','Hugo','1961-06-06','Portugaise'),(581,'Durand','Marek','1976-04-27','Irlandaise'),(582,'Richard','Mia','1974-11-05','Marocaine'),(583,'Andersson','Mark','1964-01-19','Irlandaise'),(584,'Davis','Liam','1983-06-10','Tchèque'),(585,'Sanchez','Minh','1951-12-10','Américaine'),(586,'Miller','James','1946-05-13','Qatarie'),(587,'Durand','Olga','1961-06-05','Canadienne'),(588,'Oliveira','William','1985-04-21','Danoise'),(589,'Johnson','Minji','1987-05-11','Irlandaise'),(590,'Singh','Andre','1985-06-19','Nigériane'),(591,'Moreau','Ibrahim','1975-04-27','Nigériane'),(592,'Silva','Nina','2005-02-05','Portugaise'),(593,'Smith','Neha','2003-08-13','Suisse'),(594,'Ionescu','Ibrahim','1989-11-04','Suédoise'),(595,'Thomas','Zain','1994-04-07','Allemande'),(596,'Yamamoto','Aiko','1999-11-14','Norvégienne'),(597,'Perez','Wei','1986-01-12','Danoise'),(598,'Brown','Giulia','1960-10-29','Italienne'),(599,'Sanchez','Hana','1947-05-07','Danoise'),(600,'Nguyen','William','2003-10-28','Canadienne'),(601,'Novak','Aya','1949-12-10','Qatarie'),(602,'Greco','Youssef','1987-03-13','Nigériane'),(603,'Smith','Luca','1982-02-21','Canadienne'),(604,'Horvat','Tiago','1976-09-15','Italienne'),(605,'Davis','Giulia','2000-11-17','Ghanéenne'),(606,'Nowak','Aya','1980-02-29','Allemande'),(607,'Khalil','Layla','2002-11-17','Autrichienne'),(608,'Simon','Amelia','1966-07-27','Turque'),(609,'Greco','Erik','1948-06-02','Hongroise'),(610,'Smith','Jade','1970-05-15','Autrichienne'),(611,'Johnson','Marek','1949-12-24','Rwandaise'),(612,'Tran','Anika','1995-11-18','Sud-Africaine'),(613,'Bernard','Minh','1974-02-28','Américaine'),(614,'Sharma','Olga','1967-09-15','Autrichienne'),(615,'Nielsen','Ines','1977-01-15','Portugaise'),(616,'Tran','Jade','1959-04-24','Autrichienne'),(617,'Davis','Elias','1965-04-30','Espagnole'),(618,'Chen','Fatima','1982-06-05','Polonaise'),(619,'Dubois','Ravi','1953-12-06','Ivoirienne'),(620,'Ivanov','Layla','1973-07-24','Italienne'),(621,'Wang','Ethan','1959-08-03','Ougandaise'),(622,'Nguyen','Amelia','1951-02-18','Turque'),(623,'Sato','Thomas','1948-08-26','Canadienne'),(624,'Singh','Raphael','1954-01-05','Ivoirienne'),(625,'Khalil','Fatima','1993-09-17','Danoise'),(626,'Miller','Seojun','1977-04-17','Italienne'),(627,'Robert','Kamil','2006-07-12','Qatarie'),(628,'Oliveira','Noah','2005-10-08','Égyptienne'),(629,'Zhang','Alice','1991-09-30','Américaine'),(630,'Ito','Ivan','1995-08-20','Algérienne'),(631,'Ionescu','Omar','1951-07-04','Suédoise'),(632,'Miller','Yuki','1947-05-08','Portugaise'),(633,'Zhao','George','1991-05-18','Tchèque'),(634,'Pereira','Ethan','1989-08-20','Grecque'),(635,'Nguyen','William','1967-12-30','Égyptienne'),(636,'Ben Ali','Hugo','1949-05-08','Belge'),(637,'Sharma','Mark','1982-01-07','Française'),(638,'Nielsen','Amina','2004-10-06','Autrichienne'),(639,'Nowak','Igor','1951-07-18','Égyptienne'),(640,'Sokolov','George','1992-12-16','Canadienne'),(641,'Choi','Jade','2004-09-01','Suédoise'),(642,'Silva','David','1949-11-04','Danoise'),(643,'Hussain','Noah','1990-06-04','Émiratie'),(644,'Martin','Ewa','2001-09-05','Espagnole'),(645,'Andersson','James','1952-12-19','Espagnole'),(646,'Nielsen','Lea','1954-05-21','Ivoirienne'),(647,'Lam','Seojun','1956-07-05','Italienne'),(648,'Ferrari','Marta','1998-04-08','Américaine'),(649,'Kobayashi','Joon','1983-03-09','Italienne'),(650,'Papadopoulos','Victoria','1999-10-09','Canadienne'),(651,'Laurent','Beatriz','2003-09-09','Marocaine'),(652,'Nguyen','Amina','1949-05-31','Américaine'),(653,'Kowalski','Pierre','1986-06-08','Portugaise'),(654,'Sato','Sonia','2004-12-23','Kenyanne'),(655,'Ivanov','Minji','1955-05-26','Tchèque'),(656,'Andersson','Hana','1984-09-08','Portugaise'),(657,'Williams','Mohamed','2002-06-29','Tunisienne'),(658,'Singh','Noor','1953-01-19','Danoise'),(659,'Virtanen','Amina','1978-04-28','Ougandaise'),(660,'Novak','Igor','1976-11-08','Égyptienne'),(661,'Popov','Tiago','1981-03-10','Turque'),(662,'Martin','Adam','1982-06-12','Tunisienne'),(663,'Khan','Isabella','1982-06-17','Finlandaise'),(664,'Gonzalez','Sofia','2000-03-22','Française'),(665,'Dubois','Emma','1979-11-20','Autrichienne'),(666,'Singh','Sonia','1956-03-13','Kenyanne'),(667,'Murphy','Nikolai','1976-08-09','Hongroise'),(668,'Robert','Joon','1945-11-12','Suédoise'),(669,'Ionescu','Lan','2002-05-16','Sud-Africaine'),(670,'Gonzalez','Sara','1979-01-08','Turque'),(671,'Costa','Zain','2003-12-03','Britannique'),(672,'Bernard','George','1960-01-13','Suédoise'),(673,'Zhang','Igor','2006-02-03','Polonaise'),(674,'Andersson','Noor','1980-09-08','Irlandaise'),(675,'Rossi','Ben','1954-08-31','Qatarie'),(676,'Lopez','Leo','2000-10-22','Espagnole'),(677,'Durand','Nina','1978-03-26','Britannique'),(678,'Laurent','Zain','2006-04-27','Tunisienne'),(679,'Costa','Marta','2000-05-23','Irlandaise'),(680,'Greco','Andre','1954-08-24','Britannique'),(681,'Nowak','Thomas','2004-03-18','Irlandaise'),(682,'Sanchez','Liam','1959-06-07','Suédoise'),(683,'Nguyen','Lucas','1973-12-31','Portugaise'),(684,'Greco','Amelia','1975-08-21','Danoise'),(685,'Conti','Haruto','1965-01-08','Hongroise'),(686,'Sokolov','Sven','1960-09-16','Allemande'),(687,'Wang','Manon','1967-10-20','Algérienne'),(688,'Kowalski','Wei','1977-07-08','Espagnole'),(689,'Larsen','Lea','1965-07-11','Norvégienne'),(690,'Durand','Luca','1982-10-15','Égyptienne'),(691,'Lam','Yara','1984-09-30','Grecque'),(692,'Ionescu','Lan','1953-09-26','Tchèque'),(693,'Dubois','George','1963-08-19','Danoise'),(694,'Haddad','Karim','1971-03-20','Sud-Africaine'),(695,'Haddad','Omar','1963-06-27','Algérienne'),(696,'Ben Ali','Ibrahim','1998-04-05','Portugaise'),(697,'Ivanov','Emma','1991-10-22','Américaine'),(698,'Chen','Isabella','1961-05-26','Norvégienne'),(699,'Korhonen','Anika','1987-10-10','Kenyanne'),(700,'Lopez','Jade','2006-01-03','Portugaise'),(701,'Thomas','Yara','1950-05-28','Kenyanne'),(702,'Thomas','Zoé','1992-11-12','Algérienne'),(703,'Petrov','Sven','1945-07-03','Espagnole'),(704,'Zhang','Karim','1947-03-06','Irlandaise'),(705,'Rodriguez','Noah','1983-05-03','Française'),(706,'Rodriguez','Nikolai','1983-10-27','Portugaise'),(707,'Horvat','Igor','1989-04-08','Suisse'),(708,'Russo','Maya','1966-10-26','Espagnole'),(709,'Georgiou','Priya','1966-06-04','Suédoise'),(710,'Tran','Arjun','1981-06-11','Turque'),(711,'Sokolov','Henry','1963-03-25','Portugaise'),(712,'Yamamoto','Lan','1982-07-24','Tunisienne'),(713,'Durand','Julien','1972-10-25','Algérienne'),(714,'Oliveira','Salma','2003-06-14','Turque'),(715,'Williams','Hana','2001-02-10','Espagnole'),(716,'Johnson','Sven','1997-01-01','Égyptienne'),(717,'Zhao','Khalid','1996-07-13','Ougandaise'),(718,'Khalil','Isabella','1998-08-14','Marocaine'),(719,'Robert','Marta','1992-06-20','Norvégienne'),(720,'Bernard','Thomas','1991-03-04','Sud-Africaine'),(721,'Ivanov','Elena','1988-02-01','Kenyanne'),(722,'Rodriguez','Maya','1966-10-07','Canadienne'),(723,'Martin','Amina','1948-01-03','Canadienne'),(724,'Khalil','Lea','2001-07-19','Rwandaise'),(725,'Haddad','Pierre','1994-07-26','Hongroise'),(726,'Nguyen','James','1964-07-10','Qatarie'),(727,'Korhonen','Sonia','1998-07-18','Grecque'),(728,'Hussain','Daria','2002-08-06','Tunisienne'),(729,'Larsen','Renata','1968-05-25','Autrichienne'),(730,'Ben Ali','Nina','1964-01-15','Suisse'),(731,'Williams','Daria','1961-12-06','Algérienne'),(732,'Costa','Ibrahim','1993-09-12','Finlandaise'),(733,'Popa','Wei','1998-06-08','Rwandaise'),(734,'Singh','Sara','1948-05-14','Autrichienne'),(735,'Mansour','Pablo','1999-05-01','Suisse'),(736,'Yamamoto','Minji','1962-10-11','Ougandaise'),(737,'Sanchez','Haruto','1949-08-12','Française'),(738,'Tanaka','Giulia','1974-09-15','Ougandaise'),(739,'Li','Sofia','1963-10-03','Autrichienne'),(740,'Tran','Mark','1990-11-24','Hongroise'),(741,'Andersson','Beatriz','2007-08-13','Sénégalaise'),(742,'Popov','Youssef','1965-03-15','Canadienne'),(743,'Martin','Fatima','2000-05-15','Portugaise'),(744,'Korhonen','Kamil','1967-06-06','Irlandaise'),(745,'Romano','Noura','1971-06-22','Suisse'),(746,'Tran','Yara','2002-01-04','Belge'),(747,'Yamamoto','Emma','1957-05-15','Sénégalaise'),(748,'Jensen','Ewa','1955-11-19','Sénégalaise'),(749,'Choi','Manon','1987-11-23','Marocaine'),(750,'Li','Noah','1974-12-03','Émiratie'),(751,'Davis','Khalid','1980-08-11','Algérienne'),(752,'Gonzalez','Ewa','1972-10-01','Autrichienne'),(753,'Ahmed','Emma','1994-05-24','Finlandaise'),(754,'Nowak','Ibrahim','1980-02-23','Américaine'),(755,'Miller','Yuki','1983-04-26','Française'),(756,'Petrov','Charlotte','1964-05-22','Polonaise'),(757,'Jones','Tiago','1958-08-15','Espagnole'),(758,'O''Brien','Alice','1985-12-08','Irlandaise'),(759,'Zhang','Raphael','1974-01-19','Kenyanne'),(760,'Romano','Raphael','1999-03-21','Italienne'),(761,'Nowak','Emily','2002-05-10','Sénégalaise'),(762,'Conti','Chloé','1996-12-01','Espagnole'),(763,'Pereira','Khalid','2006-01-23','Finlandaise'),(764,'Lam','Yuki','1945-03-30','Égyptienne'),(765,'Perez','Ewa','1947-07-22','Danoise'),(766,'Popa','Victoria','2003-09-15','Nigériane'),(767,'Martinez','Emma','1948-05-24','Norvégienne'),(768,'Novak','Khalid','1950-03-02','Nigériane'),(769,'Russo','Leo','1945-03-10','Kenyanne'),(770,'Nowak','Mohamed','1947-07-03','Portugaise'),(771,'Choi','Amina','2003-10-15','Rwandaise'),(772,'Smith','Layla','1999-12-13','Italienne'),(773,'Greco','David','1951-11-08','Marocaine'),(774,'Singh','Khalid','2002-05-31','Belge'),(775,'Ben Ali','William','2007-01-10','Irlandaise'),(776,'Oliveira','Zain','1954-03-06','Ghanéenne'),(777,'Chen','Youssef','1965-05-15','Rwandaise'),(778,'Popov','Sven','1969-06-11','Américaine'),(779,'Zhang','Ibrahim','1975-01-29','Nigériane'),(780,'Novak','Charlotte','1981-04-08','Hongroise'),(781,'Thomas','Ava','1965-08-04','Hongroise'),(782,'Park','Tiago','1984-09-22','Française'),(783,'Wang','Salma','1988-10-09','Américaine'),(784,'Garcia','Tiago','1950-07-22','Qatarie'),(785,'Zhang','Henry','1963-05-20','Ghanéenne'),(786,'Laurent','Haruto','1958-11-23','Ougandaise'),(787,'Sato','Nikolai','2001-04-23','Allemande'),(788,'Petrov','Sofia','2000-11-18','Rwandaise'),(789,'Martin','Emma','1958-06-04','Britannique'),(790,'Russo','Lea','1950-04-21','Suédoise'),(791,'Lopez','Aiko','1989-07-08','Égyptienne'),(792,'Nguyen','Ivan','1984-04-28','Sud-Africaine'),(793,'Sato','Ming','1971-11-15','Algérienne'),(794,'O''Brien','Nikolai','1953-03-28','Sénégalaise'),(795,'Simon','Raphael','1953-03-15','Sud-Africaine'),(796,'Pereira','Renata','2003-10-15','Marocaine'),(797,'Sato','Joon','1988-01-17','Sud-Africaine'),(798,'Park','Priya','1983-03-12','Norvégienne'),(799,'Durand','James','1973-03-12','Turque'),(800,'Zhang','Haruto','1998-02-03','Ghanéenne'),(801,'Sokolov','Elias','1977-07-18','Portugaise'),(802,'Jones','Igor','1961-06-06','Ghanéenne'),(803,'Santos','Sara','1993-11-02','Qatarie'),(804,'Novak','Raphael','1981-04-12','Qatarie'),(805,'Yamamoto','Ravi','1980-06-26','Finlandaise'),(806,'Sanchez','Arthur','1986-11-21','Kenyanne'),(807,'Virtanen','Emma','1984-08-23','Suisse'),(808,'Kowalski','Manon','1957-12-16','Américaine'),(809,'Singh','Pierre','1981-09-02','Algérienne'),(810,'Khalil','Minji','1945-06-29','Portugaise'),(811,'Silva','Mark','1955-04-19','Autrichienne'),(812,'Larsen','Isabella','1951-07-17','Canadienne'),(813,'Novak','Hugo','2000-05-11','Norvégienne'),(814,'Rodriguez','Sofia','1973-06-30','Rwandaise'),(815,'Romano','Maya','1975-08-19','Qatarie'),(816,'Li','Wei','1962-06-25','Finlandaise'),(817,'Li','Daniel','2003-04-11','Tunisienne'),(818,'Romano','Yara','1967-01-30','Émiratie'),(819,'Larsen','Lea','1990-10-21','Danoise'),(820,'Ferrari','Yara','1954-09-15','Kenyanne'),(821,'Martinez','Wei','1986-04-03','Marocaine'),(822,'Choi','Kamil','1966-03-06','Turque'),(823,'Popov','Andre','1978-07-04','Suisse'),(824,'Kobayashi','Diego','1957-07-21','Espagnole'),(825,'Zhang','Mia','1971-11-18','Irlandaise'),(826,'Larsen','Olga','1993-09-01','Finlandaise'),(827,'Choi','Isabella','1982-08-23','Espagnole'),(828,'Kowalski','Beatriz','1949-05-07','Algérienne'),(829,'Bernard','Luca','1956-08-18','Suédoise'),(830,'Jones','Erik','1947-04-07','Sénégalaise'),(831,'Garcia','Olivia','1995-04-04','Finlandaise'),(832,'Pereira','Ivan','1978-04-25','Émiratie'),(833,'Perez','Amelia','2003-11-13','Norvégienne'),(834,'Smith','Anika','1968-02-14','Rwandaise'),(835,'Nguyen','Camila','1948-10-21','Danoise'),(836,'Costa','Wei','1974-02-04','Canadienne'),(837,'Khalil','Zoé','1947-11-01','Finlandaise'),(838,'Petrov','Chloé','1964-09-02','Polonaise'),(839,'Miller','Charlotte','1983-11-22','Algérienne'),(840,'Laurent','Nina','1979-05-28','Finlandaise'),(841,'Tanaka','Victoria','1962-03-05','Tunisienne'),(842,'Tanaka','Aiko','1988-12-26','Qatarie'),(843,'Chen','Daria','1993-04-03','Algérienne'),(844,'Larsen','Elias','1950-03-08','Qatarie'),(845,'Rossi','Lea','1968-05-19','Polonaise'),(846,'Bernard','Marta','1946-08-18','Ghanéenne'),(847,'Oliveira','Emily','1989-10-25','Polonaise'),(848,'Popa','Maya','1994-01-05','Kenyanne'),(849,'Petrov','Ines','1996-10-01','Ghanéenne'),(850,'Petrov','Leo','1961-09-12','Nigériane'),(851,'Li','Pablo','1969-01-29','Qatarie'),(852,'Richard','Haruto','1986-01-23','Portugaise'),(853,'Santos','Erik','1953-01-28','Espagnole'),(854,'Zhao','Ewa','1966-11-30','Polonaise'),(855,'Ferrari','Pablo','1999-04-22','Polonaise'),(856,'Ferrari','Liam','1953-03-19','Sénégalaise'),(857,'Virtanen','Julien','1958-04-12','Britannique'),(858,'Ben Ali','Gabriel','2002-07-14','Suédoise'),(859,'Miller','Pablo','1987-12-04','Suédoise'),(860,'Papadopoulos','Noah','1972-08-25','Suédoise'),(861,'Haddad','Ben','1984-09-11','Canadienne'),(862,'Davis','Gabriel','2004-01-23','Ivoirienne'),(863,'Johnson','Pierre','1983-02-08','Algérienne'),(864,'Ionescu','Olivia','1998-10-08','Britannique'),(865,'Perez','Adam','2006-02-27','Émiratie'),(866,'Petrov','Adam','1993-02-19','Allemande'),(867,'Rossi','Diego','1996-09-19','Marocaine'),(868,'Santos','Nina','1983-07-31','Finlandaise'),(869,'Laurent','Emily','1993-01-04','Suédoise'),(870,'Ferrari','Raphael','1968-06-11','Suisse'),(871,'Gonzalez','Daria','1981-07-31','Suédoise'),(872,'Nowak','Ethan','1963-11-11','Suisse'),(873,'Johnson','Ben','1988-02-05','Française'),(874,'Ivanov','Omar','1989-03-06','Finlandaise'),(875,'Martin','Sara','2004-10-02','Émiratie'),(876,'Ito','Ines','1971-04-02','Américaine'),(877,'Martinez','Bao','1997-05-06','Marocaine'),(878,'Perez','Julien','2007-04-20','Autrichienne'),(879,'Popa','Haruto','1974-04-05','Polonaise'),(880,'Dubois','Sonia','1951-08-17','Polonaise'),(881,'Andersson','Elena','1976-03-22','Émiratie'),(882,'Andersson','Chloé','1953-03-07','Nigériane'),(883,'Rossi','Camila','1985-09-29','Canadienne'),(884,'Santos','Layla','1951-09-14','Portugaise'),(885,'O''Brien','Aya','1980-03-07','Belge'),(886,'Khan','Omar','1990-12-18','Allemande'),(887,'Miller','Camila','1992-04-06','Turque'),(888,'O''Brien','Wei','1961-08-31','Britannique'),(889,'Papadopoulos','Chloé','1968-06-13','Qatarie'),(890,'Khalil','Sonia','1983-06-05','Française'),(891,'Thomas','Noura','1959-09-12','Portugaise'),(892,'Costa','Amina','2002-09-04','Nigériane'),(893,'Nowak','Julien','1974-11-01','Portugaise'),(894,'Robert','Neha','1954-06-02','Égyptienne'),(895,'Simon','Lucas','1984-01-03','Canadienne'),(896,'Simon','William','1980-11-23','Sénégalaise'),(897,'Davis','George','1991-05-14','Suisse'),(898,'Conti','Minji','1963-12-13','Tunisienne'),(899,'Hussain','Anika','1997-11-21','Française'),(900,'Tran','Adam','1995-04-03','Émiratie'),(901,'Silva','Alice','1998-07-13','Norvégienne'),(902,'Choi','Sonia','1952-10-20','Norvégienne'),(903,'Greco','Aya','1981-11-03','Française'),(904,'Ahmed','Manon','1956-04-01','Rwandaise'),(905,'Ben Ali','Daria','2005-03-17','Ougandaise'),(906,'Simon','Emily','1955-02-17','Portugaise'),(907,'Nowak','Tiago','1976-12-29','Kenyanne'),(908,'Richard','Amelia','1989-12-19','Américaine'),(909,'Bernard','Olga','2000-12-19','Qatarie'),(910,'Tran','Hugo','1961-05-09','Rwandaise'),(911,'Horvat','Joon','1946-01-14','Rwandaise'),(912,'Mansour','Khalid','1960-02-17','Tunisienne'),(913,'Martinez','Igor','2003-06-22','Marocaine'),(914,'Miller','James','1986-05-25','Irlandaise'),(915,'Russo','Sven','1968-09-30','Suédoise'),(916,'Brown','Camila','1998-11-26','Ivoirienne'),(917,'Sokolov','Ines','1956-04-15','Suisse'),(918,'Sokolov','Alice','1973-12-14','Belge'),(919,'Jensen','Lea','2002-03-29','Grecque'),(920,'Romano','Jade','1970-09-21','Portugaise'),(921,'Thomas','Noah','1956-10-23','Suédoise'),(922,'Haddad','Diego','1985-03-24','Italienne'),(923,'Horvat','Ewa','1988-08-11','Irlandaise'),(924,'Kobayashi','Renata','1999-04-18','Nigériane'),(925,'Tran','David','1969-03-16','Rwandaise'),(926,'Brown','Renata','1969-05-16','Française'),(927,'Nowak','Thomas','1964-06-23','Suisse'),(928,'Pereira','Charlotte','1978-03-27','Belge'),(929,'Martinez','Chloé','1981-02-21','Nigériane'),(930,'Khalil','Petra','1973-05-09','Américaine'),(931,'Russo','Arthur','1996-11-02','Tchèque'),(932,'Ben Ali','Nina','1973-07-27','Espagnole'),(933,'Kim','Mark','1975-10-01','Algérienne'),(934,'Kim','Karim','1958-11-25','Ghanéenne'),(935,'Park','Haruto','1972-03-29','Sénégalaise'),(936,'Petrov','George','2004-05-11','Américaine'),(937,'Rodriguez','Anna','1965-11-04','Norvégienne'),(938,'Ivanov','Emily','1979-05-27','Grecque'),(939,'Rodriguez','Luca','1973-03-06','Polonaise'),(940,'Zhang','Sven','1952-10-12','Canadienne'),(941,'Sanchez','Amelia','1979-08-05','Finlandaise'),(942,'Johnson','Chloé','1996-05-03','Allemande'),(943,'Ionescu','Minh','1973-12-18','Ougandaise'),(944,'Georgiou','Andre','1946-02-06','Suédoise'),(945,'Ivanov','Manon','1977-04-23','Hongroise'),(946,'Papadopoulos','Zain','1981-04-05','Algérienne'),(947,'Martinez','Seojun','1954-09-25','Américaine'),(948,'Li','Ewa','2005-12-08','Américaine'),(949,'Zhao','Thomas','1979-11-19','Suédoise'),(950,'Papadopoulos','Victoria','1998-07-21','Espagnole'),(951,'Virtanen','Erik','1979-12-28','Danoise'),(952,'Horvat','Beatriz','1967-05-07','Ghanéenne'),(953,'Brown','Marta','1957-12-14','Danoise'),(954,'Jensen','Ravi','1988-03-30','Nigériane'),(955,'Garcia','George','1981-10-30','Émiratie'),(956,'Horvat','Yara','1972-01-05','Finlandaise'),(957,'Ferrari','Lea','1954-06-06','Suisse'),(958,'Durand','Ben','1952-09-15','Danoise'),(959,'Laurent','Marta','1971-06-08','Allemande'),(960,'Johnson','Igor','2000-02-02','Tunisienne'),(961,'Tanaka','Noura','1971-02-01','Autrichienne'),(962,'Conti','Hugo','1984-01-11','Ivoirienne'),(963,'Horvat','Pablo','1968-08-28','Kenyanne'),(964,'Sato','Daniel','1958-11-08','Française'),(965,'Virtanen','George','1975-08-19','Tchèque'),(966,'Korhonen','Priya','1954-07-04','Marocaine'),(967,'Martinez','Nikolai','1993-08-02','Suédoise'),(968,'Andersson','Isabella','1959-08-08','Belge'),(969,'Jensen','Giulia','1998-04-28','Belge'),(970,'Robert','Ravi','1966-11-10','Marocaine'),(971,'Richard','Beatriz','1949-03-31','Marocaine'),(972,'Perez','Diego','1961-03-04','Hongroise'),(973,'Silva','Anika','1984-03-26','Norvégienne'),(974,'Nguyen','Victoria','1955-04-05','Finlandaise'),(975,'Laurent','Yara','1947-12-03','Grecque'),(976,'Kim','Mia','1966-04-26','Émiratie'),(977,'Jensen','Olga','1973-11-09','Marocaine'),(978,'Thomas','Nadia','1989-09-05','Suédoise'),(979,'Ahmed','Henry','1999-10-25','Nigériane'),(980,'Jones','Tiago','1997-05-06','Turque'),(981,'Durand','Charlotte','1973-02-15','Kenyanne'),(982,'Robert','Henry','1968-09-29','Portugaise'),(983,'Garcia','Ming','1952-08-21','Italienne'),(984,'Ferrari','Olivia','2006-04-22','Portugaise'),(985,'Ivanov','Elias','1967-04-29','Émiratie'),(986,'Georgiou','Ibrahim','1960-12-15','Hongroise'),(987,'Gonzalez','William','2006-11-12','Qatarie'),(988,'Chen','Henry','1972-11-13','Tchèque'),(989,'Nielsen','Emily','1968-04-09','Égyptienne'),(990,'Papadopoulos','Mia','1974-07-16','Tunisienne'),(991,'Park','Olga','1989-03-28','Hongroise'),(992,'Durand','Nadia','1953-08-25','Marocaine'),(993,'Greco','Marta','1978-01-16','Irlandaise'),(994,'Gonzalez','Sonia','1986-05-29','Finlandaise'),(995,'Brown','Ben','1985-01-09','Norvégienne'),(996,'Park','Arjun','1964-07-05','Turque'),(997,'Oliveira','Khalid','1982-07-02','Irlandaise'),(998,'Tran','Isabella','1972-10-19','Britannique'),(999,'Zhang','Andre','1984-09-17','Sud-Africaine'),(1000,'Ferrari','Ibrahim','1998-02-08','Ougandaise');
INSERT INTO Vol(NumVol,Date_Depart,Heure_Depart,Heure_Arrivee,Aeroport_Depart,Aeroport_Arrivee,Immatriculation) VALUES (3101,'2024-01-01','20:59:00','23:32:00','ACC','ARN','AC012'),(3102,'2024-01-02','16:26:00','17:36:00','CMN','JFK','AC014'),(3103,'2024-01-03','09:51:00','10:52:00','JNB','JFK','AC010'),(3104,'2024-01-17','22:45:00','02:29:00','ABJ','IST','AC010'),(3105,'2024-01-20','13:40:00','18:07:00','MAD','CPT','AC008'),(3106,'2024-01-23','10:52:00','14:47:00','LGW','ACC','AC003'),(3107,'2024-01-27','15:50:00','18:49:00','JFK','BUD','AC008'),(3108,'2024-01-29','08:36:00','13:47:00','ABJ','DKR','AC009'),(3109,'2024-02-04','13:17:00','14:47:00','BRU','OPO','AC008'),(3110,'2024-02-05','07:25:00','10:08:00','DOH','HEL','AC005'),(3111,'2024-02-07','16:07:00','17:23:00','ACC','RAK','AC010'),(3112,'2024-02-09','19:30:00','01:13:00','ORY','MUC','AC013'),(3113,'2024-02-21','11:59:00','13:34:00','OPO','BCN','AC009'),(3114,'2024-02-27','08:14:00','13:24:00','RAK','ABJ','AC014'),(3115,'2024-03-08','22:16:00','01:13:00','LIS','DUB','AC007'),(3116,'2024-03-16','22:05:00','00:16:00','LHR','CMN','AC008'),(3117,'2024-03-22','19:00:00','21:53:00','OSL','ABJ','AC001'),(3118,'2024-03-25','16:45:00','19:21:00','CDG','NBO','AC014'),(3119,'2024-03-26','10:21:00','13:35:00','ATH','NBO','AC014'),(3120,'2024-03-31','19:39:00','00:11:00','DOH','BCN','AC009'),(3121,'2024-04-04','07:01:00','11:46:00','HEL','MXP','AC006'),(3122,'2024-04-12','22:24:00','02:25:00','DOH','CPH','AC005'),(3123,'2024-04-13','11:19:00','17:00:00','BUD','FRA','AC012'),(3124,'2024-04-20','12:12:00','17:40:00','LGW','CMN','AC007'),(3125,'2024-05-03','10:18:00','15:52:00','BRU','DUB','AC011'),(3126,'2024-05-07','12:41:00','15:57:00','OSL','ACC','AC001'),(3127,'2024-05-12','16:31:00','20:34:00','ATH','CAI','AC011'),(3128,'2024-05-14','21:39:00','03:39:00','FRA','JNB','AC015'),(3129,'2024-05-20','10:07:00','12:53:00','DKR','LIS','AC005'),(3130,'2024-05-23','19:29:00','22:50:00','OPO','DOH','AC001'),(3131,'2024-05-31','10:18:00','15:30:00','HEL','DUB','AC012'),(3132,'2024-06-07','05:46:00','11:36:00','TUN','NBO','AC003'),(3133,'2024-06-09','08:20:00','14:13:00','JNB','DXB','AC010'),(3134,'2024-06-15','09:21:00','15:12:00','CMN','MUC','AC014'),(3135,'2024-07-06','15:48:00','19:04:00','FRA','CAI','AC012'),(3136,'2024-07-12','05:56:00','08:23:00','ORY','DXB','AC009'),(3137,'2024-07-25','10:17:00','16:11:00','VIE','CAI','AC014'),(3138,'2024-07-27','08:35:00','13:58:00','YYZ','LIS','AC011'),(3139,'2024-07-29','14:05:00','16:42:00','VIE','FCO','AC006'),(3140,'2024-08-04','06:15:00','11:52:00','IST','ZRH','AC003'),(3141,'2024-08-13','23:25:00','02:02:00','FRA','CPT','AC004'),(3142,'2024-08-18','19:18:00','21:47:00','LGW','ACC','AC002'),(3143,'2024-08-19','22:53:00','06:17:00','LGW','FRA','AC003'),(3144,'2024-08-22','19:57:00','22:20:00','ACC','FCO','AC002'),(3145,'2024-08-23','19:16:00','01:13:00','AMS','BRU','AC015'),(3146,'2024-08-26','22:47:00','01:32:00','CAI','DUB','AC009'),(3147,'2024-08-28','09:32:00','15:10:00','NBO','OPO','AC008'),(3148,'2024-08-31','22:57:00','01:23:00','MXP','CAI','AC014'),(3149,'2024-09-08','11:26:00','13:31:00','TUN','OSL','AC015'),(3150,'2024-09-14','23:22:00','04:21:00','LIS','MAD','AC003'),(3151,'2024-09-17','18:47:00','22:13:00','ORY','CPT','AC002'),(3152,'2024-09-18','23:08:00','02:41:00','CDG','FCO','AC011'),(3153,'2024-09-23','22:42:00','03:54:00','MXP','AMS','AC008'),(3154,'2024-10-15','20:03:00','00:05:00','LGW','TUN','AC014'),(3155,'2024-10-16','16:23:00','19:44:00','CAI','ZRH','AC003'),(3156,'2024-10-18','07:52:00','09:53:00','ABJ','VIE','AC010'),(3157,'2024-10-19','16:49:00','19:36:00','CPT','TUN','AC008'),(3158,'2024-10-28','19:33:00','21:09:00','BRU','IST','AC003'),(3159,'2024-10-29','07:11:00','08:20:00','MUC','CMN','AC008'),(3160,'2024-10-31','09:13:00','15:02:00','MAD','JNB','AC004'),(3161,'2024-11-04','19:23:00','22:25:00','BUD','CPH','AC001'),(3162,'2024-11-06','21:57:00','01:11:00','BUD','CPH','AC010'),(3163,'2024-11-08','08:18:00','13:02:00','FCO','ARN','AC001'),(3164,'2024-11-15','12:18:00','14:01:00','CPT','ORY','AC013'),(3165,'2024-11-20','20:06:00','01:12:00','AMS','BRU','AC003'),(3166,'2024-11-30','07:01:00','09:15:00','RAK','IST','AC005'),(3167,'2024-12-10','23:02:00','01:07:00','TUN','JFK','AC004'),(3168,'2024-12-12','22:53:00','04:46:00','VIE','ACC','AC004'),(3169,'2024-12-19','15:03:00','16:28:00','OSL','HEL','AC010'),(3170,'2024-12-22','11:04:00','15:12:00','ACC','WAW','AC009'),(3171,'2025-01-09','20:22:00','22:02:00','DXB','DOH','AC014'),(3172,'2025-01-16','16:50:00','18:43:00','CAI','ARN','AC006'),(3173,'2025-01-18','12:15:00','13:31:00','FCO','DKR','AC006'),(3174,'2025-01-21','13:22:00','19:20:00','CPT','FCO','AC008'),(3175,'2025-01-26','23:24:00','05:06:00','ZRH','FCO','AC008'),(3176,'2025-01-27','12:46:00','14:43:00','LIS','PRG','AC008'),(3177,'2025-01-28','09:43:00','12:57:00','FCO','CPH','AC008'),(3178,'2025-01-30','23:00:00','00:11:00','MAD','TUN','AC007'),(3179,'2025-02-02','11:59:00','16:42:00','CPT','PRG','AC001'),(3180,'2025-02-09','21:29:00','03:33:00','TUN','BCN','AC003'),(3181,'2025-02-13','12:11:00','15:04:00','NBO','DUB','AC013'),(3182,'2025-02-19','18:13:00','22:55:00','ARN','ZRH','AC006'),(3183,'2025-02-20','21:23:00','00:18:00','LGW','FRA','AC003'),(3184,'2025-02-22','15:03:00','16:41:00','BCN','LGW','AC007'),(3185,'2025-03-10','08:34:00','10:57:00','BRU','OPO','AC003'),(3186,'2025-03-14','19:27:00','21:37:00','AMS','OSL','AC013'),(3187,'2025-03-21','09:57:00','11:44:00','LHR','JFK','AC004'),(3188,'2025-03-27','14:46:00','17:59:00','IST','WAW','AC015'),(3189,'2025-03-31','17:39:00','22:19:00','AMS','DOH','AC003'),(3190,'2025-04-02','14:26:00','16:25:00','CPT','RAK','AC010'),(3191,'2025-04-03','18:39:00','22:11:00','CAI','ZRH','AC015'),(3192,'2025-04-06','22:40:00','04:26:00','PRG','IST','AC014'),(3193,'2025-04-13','16:46:00','20:39:00','CAI','CPT','AC003'),(3194,'2025-04-15','11:50:00','16:42:00','DOH','PRG','AC012'),(3195,'2025-04-23','17:17:00','23:11:00','CMN','MXP','AC008'),(3196,'2025-04-24','09:05:00','10:57:00','DOH','DUB','AC008'),(3197,'2025-04-30','13:10:00','17:37:00','JNB','TUN','AC013'),(3198,'2025-05-08','22:59:00','02:41:00','MXP','FRA','AC005'),(3199,'2025-05-09','11:30:00','14:25:00','BUD','ATH','AC003'),(3200,'2025-05-13','23:12:00','03:05:00','FRA','JNB','AC013'),(3201,'2025-05-16','14:26:00','19:07:00','WAW','ABJ','AC004'),(3202,'2025-05-17','09:26:00','15:26:00','DUB','AMS','AC013'),(3203,'2025-05-25','15:07:00','17:51:00','DKR','OSL','AC004'),(3204,'2025-05-28','08:32:00','10:04:00','PRG','CPT','AC004'),(3205,'2025-06-12','20:01:00','22:11:00','FRA','ATH','AC002'),(3206,'2025-06-19','20:44:00','00:44:00','MXP','IST','AC010'),(3207,'2025-06-23','16:26:00','19:23:00','ZRH','DKR','AC005'),(3208,'2025-07-02','05:50:00','09:23:00','BUD','CMN','AC010'),(3209,'2025-07-03','23:14:00','02:31:00','JFK','CMN','AC005'),(3210,'2025-07-18','18:58:00','00:54:00','MAD','LIS','AC002'),(3211,'2025-07-21','12:23:00','15:32:00','BCN','TUN','AC012'),(3212,'2025-07-29','15:32:00','19:30:00','DKR','CPT','AC001'),(3213,'2025-08-08','18:17:00','20:59:00','BUD','LIS','AC005'),(3214,'2025-08-13','17:36:00','19:51:00','FCO','IST','AC003'),(3215,'2025-08-14','17:56:00','20:28:00','MUC','OPO','AC007'),(3216,'2025-08-16','07:25:00','11:35:00','RAK','FRA','AC005'),(3217,'2025-08-26','15:33:00','20:09:00','MXP','IST','AC006'),(3218,'2025-08-30','10:38:00','13:02:00','IST','BRU','AC001'),(3219,'2025-09-02','18:44:00','00:07:00','HEL','MAD','AC011'),(3220,'2025-09-04','22:05:00','05:46:00','BCN','RAK','AC011'),(3221,'2025-09-05','23:16:00','04:06:00','ZRH','OPO','AC008'),(3222,'2025-09-06','16:04:00','17:44:00','ARN','DXB','AC006'),(3223,'2025-09-13','21:28:00','03:17:00','JNB','ABJ','AC009'),(3224,'2025-09-18','18:32:00','22:52:00','DOH','LGW','AC011'),(3225,'2025-09-27','19:18:00','22:48:00','NBO','ZRH','AC003'),(3226,'2025-09-30','18:47:00','00:12:00','MAD','FRA','AC002'),(3227,'2025-10-01','13:30:00','19:29:00','ABJ','CPT','AC015'),(3228,'2025-10-04','08:41:00','14:20:00','YYZ','MAD','AC007'),(3229,'2025-10-06','16:28:00','20:50:00','RAK','JFK','AC010'),(3230,'2025-10-07','07:44:00','09:52:00','AMS','DKR','AC003'),(3231,'2025-10-10','18:16:00','20:10:00','ABJ','BUD','AC002'),(3232,'2025-10-22','09:30:00','10:32:00','DUB','BUD','AC008'),(3233,'2025-10-25','05:48:00','10:39:00','VIE','BCN','AC010'),(3234,'2025-10-27','22:10:00','04:08:00','MXP','JFK','AC006'),(3235,'2025-10-31','22:05:00','04:57:00','DKR','JNB','AC009'),(3236,'2025-11-02','06:41:00','10:18:00','CMN','ACC','AC011'),(3237,'2025-11-04','21:28:00','01:29:00','JNB','LHR','AC006'),(3238,'2025-11-07','22:26:00','03:32:00','BCN','JNB','AC015'),(3239,'2025-11-08','14:27:00','19:48:00','CPH','DOH','AC003'),(3240,'2025-11-12','14:59:00','20:58:00','MUC','DKR','AC005'),(3241,'2025-11-14','21:46:00','23:25:00','TUN','LHR','AC005'),(3242,'2025-11-17','21:11:00','22:57:00','ZRH','ACC','AC014'),(3243,'2025-11-19','16:28:00','18:22:00','PRG','ACC','AC009'),(3244,'2025-11-24','05:36:00','09:34:00','BCN','AMS','AC002'),(3245,'2025-11-27','05:11:00','06:29:00','TUN','ACC','AC012'),(3246,'2025-11-29','17:35:00','22:47:00','CAI','VIE','AC013'),(3247,'2025-12-07','22:54:00','03:55:00','BRU','NBO','AC013'),(3248,'2025-12-10','10:45:00','11:54:00','IST','JNB','AC013'),(3249,'2025-12-14','17:26:00','23:03:00','ACC','CDG','AC014'),(3250,'2025-12-15','22:35:00','04:14:00','MXP','OSL','AC013');
INSERT INTO Reservation(CodeReservation,DateReservation,HeureReservation,EmailContact,TelephoneContact,IdPassager,NumVol) VALUES (600001,'2024-01-01','17:30:00','amina.nguyen652@example.com','+41-79-02-22-75',652,3101),(600002,'2024-01-01','15:00:00','adam.perez865@example.com','+213-28-94-08-58',865,3101),(600003,'2024-01-01','22:15:00','hana.chen176@example.com','+33-26-08-84-27',176,3101),(600004,'2024-01-01','13:15:00','zain.laurent678@example.com','+49-91-30-86-02',678,3101),(600005,'2024-01-01','09:45:00','joon.obrien278@example.com','+20-52-66-89-13',278,3101),(600006,'2024-01-01','13:45:00','noura.korhonen77@example.com','+44-75-63-31-68',77,3101),(600007,'2024-01-01','18:30:00','andre.popov823@example.com','+39-52-54-01-91',823,3101),(600008,'2024-01-01','09:15:00','victoria.papadopoulos650@example.com','+20-69-43-12-01',650,3101),(600009,'2024-01-01','08:45:00','fatima.ionescu208@example.com','+33-38-41-27-56',208,3101),(600010,'2024-01-01','12:30:00','yuki.zhang301@example.com','+34-84-14-22-23',301,3101),(600011,'2024-01-01','19:30:00','beatriz.richard971@example.com','+20-26-57-78-22',971,3101),(600012,'2024-01-01','18:00:00','seojun.kim128@example.com','+33-25-24-98-05',128,3101),(600013,'2024-01-01','13:45:00','emma.laurent459@example.com','+33-38-99-78-96',459,3101),(600014,'2024-01-01','16:30:00','emma.ahmed753@example.com','+90-94-97-76-64',753,3101),(600015,'2024-01-01','10:30:00','yuki.perez17@example.com','+216-72-78-67-62',17,3101),(600016,'2024-01-01','14:15:00','amelia.richard908@example.com','+1-92-51-62-99',908,3101),(600017,'2024-01-01','17:00:00','petra.obrien541@example.com','+44-59-89-38-99',541,3101),(600018,'2024-01-01','19:00:00','erik.jones830@example.com','+44-58-39-02-26',830,3101),(600019,'2024-01-01','14:45:00','maya.rodriguez722@example.com','+41-20-39-62-83',722,3101),(600020,'2024-01-01','11:45:00','mark.kim217@example.com','+33-21-44-43-36',217,3101),(600021,'2024-01-01','18:45:00','ming.kowalski284@example.com','+20-10-59-97-67',284,3101),(600022,'2024-01-01','18:00:00','seojun.tanaka369@example.com','+90-68-41-22-70',369,3101),(600023,'2024-01-01','18:00:00','igor.johnson960@example.com','+27-14-91-39-95',960,3101),(600024,'2024-01-01','12:30:00','manon.kowalski808@example.com','+90-22-59-91-73',808,3101),(600038,'2024-01-06','17:15:00','bao.sokolov572@example.com','+44-08-28-47-85',572,3104),(600039,'2024-01-15','18:15:00','aiko.tanaka842@example.com','+90-11-30-87-19',842,3104),(600040,'2024-01-10','15:45:00','noah.silva88@example.com','+20-23-30-03-06',88,3104),(600041,'2024-01-08','21:15:00','luca.durand690@example.com','+212-49-21-81-75',690,3104),(600042,'2024-01-08','12:45:00','camila.khan46@example.com','+27-12-07-75-61',46,3104),(600043,'2024-01-01','16:15:00','tiago.horvat604@example.com','+44-81-89-80-93',604,3104),(600044,'2024-01-11','14:30:00','lea.larsen819@example.com','+34-99-84-09-20',819,3104),(600045,'2024-01-01','17:00:00','sofia.petrov788@example.com','+971-10-91-54-96',788,3104),(600046,'2024-01-13','10:45:00','noor.obrien542@example.com','+216-17-06-99-49',542,3104),(600047,'2024-01-09','08:00:00','kamil.korhonen511@example.com','+971-80-29-97-34',511,3104),(600048,'2024-01-09','22:00:00','elena.khalil70@example.com','+34-92-48-96-81',70,3104),(600049,'2024-01-09','08:45:00','olga.papadopoulos73@example.com','+20-45-64-94-75',73,3104),(600050,'2024-01-01','10:45:00','omar.conti64@example.com','+1-04-71-85-82',64,3104),(600051,'2024-01-07','15:30:00','ravi.ito150@example.com','+33-66-00-87-95',150,3104),(600052,'2024-01-04','20:30:00','george.garcia955@example.com','+34-91-67-86-92',955,3104),(600053,'2024-01-03','17:00:00','ibrahim.wang107@example.com','+351-98-65-98-53',107,3104),(600054,'2024-01-16','11:15:00','raphael.davis306@example.com','+39-32-18-96-15',306,3104),(600055,'2024-01-10','13:15:00','olivia.ferrari984@example.com','+44-03-98-99-95',984,3104),(600056,'2024-01-09','15:45:00','lea.jensen919@example.com','+33-45-23-11-10',919,3104),(600057,'2024-01-08','12:00:00','thomas.nowak681@example.com','+20-08-78-57-40',681,3104),(600058,'2024-01-14','13:45:00','james.durand799@example.com','+971-67-81-12-06',799,3105),(600059,'2024-01-12','17:45:00','ivan.ahmed365@example.com','+1-40-88-52-72',365,3105),(600060,'2024-01-10','21:30:00','lea.smith137@example.com','+27-32-71-90-50',137,3105),(600061,'2024-01-15','13:00:00','isabella.ahmed8@example.com','+351-69-03-84-03',8,3105),(600062,'2024-01-11','14:15:00','anika.hussain899@example.com','+20-97-51-48-10',899,3105),(600063,'2024-01-14','11:15:00','igor.sokolov480@example.com','+213-45-96-82-54',480,3105),(600064,'2024-01-15','20:30:00','beatriz.andersson741@example.com','+213-92-85-18-23',741,3105),(600065,'2024-01-13','19:30:00','noah.russo101@example.com','+212-73-67-22-24',101,3105),(600066,'2024-01-01','09:30:00','nikolai.larsen210@example.com','+34-90-73-55-62',210,3105),(600067,'2024-01-19','13:15:00','charlotte.laurent244@example.com','+90-82-34-52-04',244,3105),(600068,'2024-01-14','18:15:00','ewa.li948@example.com','+213-12-16-91-34',948,3105),(600069,'2024-01-03','16:45:00','khalid.pereira763@example.com','+49-62-78-71-95',763,3105),(600070,'2024-01-03','22:45:00','mohamed.simon382@example.com','+34-88-64-83-15',382,3105),(600071,'2024-01-11','18:45:00','mia.garcia303@example.com','+44-85-67-87-69',303,3105),(600072,'2024-01-06','21:45:00','isabella.li58@example.com','+974-34-74-96-43',58,3105),(600073,'2024-01-03','17:30:00','olga.jensen977@example.com','+1-67-64-34-45',977,3105),(600074,'2024-01-17','14:15:00','daria.benali905@example.com','+41-19-70-78-40',905,3105),(600075,'2024-01-14','20:30:00','noor.petrov342@example.com','+90-04-15-41-32',342,3105),(600076,'2024-01-03','18:30:00','manon.simon232@example.com','+27-69-82-12-54',232,3105),(600077,'2024-01-16','20:00:00','sofia.rodriguez814@example.com','+49-58-27-78-12',814,3105),(600078,'2024-01-08','17:45:00','adam.russo358@example.com','+1-04-67-11-63',358,3105),(600079,'2024-01-02','16:15:00','haruto.novak533@example.com','+216-30-02-50-71',533,3105),(600080,'2024-01-10','08:00:00','sara.lam71@example.com','+351-63-70-31-94',71,3105),(600081,'2024-01-09','08:30:00','neha.choi504@example.com','+974-44-61-11-69',504,3105),(600094,'2024-01-28','08:45:00','zain.thomas595@example.com','+971-80-04-43-53',595,3108),(600095,'2024-01-25','16:45:00','erik.russo158@example.com','+213-44-46-52-35',158,3108),(600096,'2024-01-07','08:45:00','david.zhang537@example.com','+212-00-03-22-85',537,3108),(600097,'2024-01-12','10:30:00','hana.sanchez599@example.com','+213-71-49-13-60',599,3108),(600098,'2024-01-28','10:15:00','noah.pereira483@example.com','+27-84-82-29-04',483,3108),(600099,'2024-01-10','11:15:00','minh.perez43@example.com','+974-05-36-83-58',43,3108),(600100,'2024-01-25','20:00:00','arthur.sokolov512@example.com','+20-44-49-77-44',512,3108),(600101,'2024-01-05','12:00:00','priya.park798@example.com','+41-81-31-37-07',798,3108),(600114,'2024-02-02','09:30:00','olga.bernard909@example.com','+351-56-11-63-66',909,3111),(600115,'2024-01-15','15:15:00','camila.rossi883@example.com','+39-65-48-25-59',883,3111),(600116,'2024-01-31','22:15:00','sven.sokolov686@example.com','+27-25-05-09-15',686,3111),(600150,'2024-02-05','08:45:00','ravi.robert970@example.com','+39-45-05-77-19',970,3117),(600151,'2024-03-06','18:15:00','amelia.greco684@example.com','+20-86-69-19-16',684,3117),(600152,'2024-03-21','09:45:00','lea.larsen689@example.com','+216-61-30-26-66',689,3117),(600153,'2024-02-05','15:15:00','yara.romano818@example.com','+212-34-62-49-61',818,3117),(600154,'2024-01-25','18:45:00','wei.costa836@example.com','+33-67-07-82-83',836,3117),(600155,'2024-01-16','12:45:00','ethan.jensen355@example.com','+90-19-94-29-95',355,3117),(600156,'2024-01-01','15:45:00','amelia.simon608@example.com','+34-99-70-87-47',608,3117),(600157,'2024-03-02','18:30:00','seojun.oliveira209@example.com','+90-98-55-24-77',209,3117),(600158,'2024-01-17','19:00:00','youssef.smith526@example.com','+39-22-22-20-50',526,3117),(600159,'2024-03-12','22:45:00','salma.park140@example.com','+1-08-75-77-27',140,3117),(600160,'2024-03-10','15:00:00','gabriel.park119@example.com','+20-64-60-33-84',119,3117),(600161,'2024-01-15','16:00:00','sara.martin354@example.com','+34-26-97-24-03',354,3117),(600162,'2024-01-16','09:00:00','leo.rodriguez493@example.com','+27-18-11-35-68',493,3117),(600163,'2024-03-14','08:00:00','raphael.simon795@example.com','+213-52-19-74-34',795,3117),(600164,'2024-02-26','19:45:00','khalid.ivanov257@example.com','+1-97-13-33-03',257,3117),(600165,'2024-02-16','15:15:00','william.oliveira588@example.com','+20-52-92-30-26',588,3117),(600166,'2024-02-26','20:45:00','hugo.conti962@example.com','+33-82-58-37-63',962,3117),(600167,'2024-01-20','14:00:00','camila.nguyen835@example.com','+216-96-31-32-29',835,3117),(600168,'2024-02-17','15:15:00','raphael.richard573@example.com','+216-43-82-48-21',573,3117),(600169,'2024-02-24','14:15:00','ming.sato793@example.com','+971-12-30-88-37',793,3117),(600209,'2024-03-31','13:45:00','thomas.lam294@example.com','+351-29-67-84-01',294,3124),(600210,'2024-01-27','10:00:00','ivan.brown290@example.com','+39-00-07-05-78',290,3124),(600211,'2024-03-06','20:15:00','mia.perez317@example.com','+33-34-58-07-79',317,3124),(600212,'2024-02-25','10:45:00','thomas.davis167@example.com','+1-19-86-40-03',167,3124),(600213,'2024-02-11','18:00:00','pierre.johnson863@example.com','+49-01-48-50-29',863,3124),(600214,'2024-04-10','22:30:00','henry.jones519@example.com','+216-59-25-73-12',519,3125),(600215,'2024-03-21','22:30:00','khalid.petrov395@example.com','+351-49-33-41-35',395,3125),(600216,'2024-02-11','11:15:00','victoria.popa766@example.com','+351-52-29-50-88',766,3125),(600217,'2024-02-21','21:15:00','leo.greco321@example.com','+351-24-27-01-45',321,3125),(600218,'2024-03-13','21:15:00','yuki.richard189@example.com','+1-05-68-30-33',189,3125),(600219,'2024-01-07','18:45:00','zoé.bernard259@example.com','+39-33-63-34-83',259,3125),(600220,'2024-01-29','21:00:00','elias.davis617@example.com','+20-89-45-47-92',617,3126),(600221,'2024-03-06','13:15:00','pablo.zhang230@example.com','+27-60-75-46-75',230,3126),(600222,'2024-04-25','08:30:00','ben.simon425@example.com','+20-18-58-05-59',425,3126),(600223,'2024-03-07','11:30:00','priya.korhonen966@example.com','+1-78-14-37-40',966,3126),(600224,'2024-03-06','22:45:00','george.petrov936@example.com','+351-52-83-09-29',936,3126),(600225,'2024-01-22','16:45:00','diego.rossi867@example.com','+971-10-82-36-39',867,3126),(600226,'2024-01-31','20:15:00','haruto.sanchez737@example.com','+212-27-90-17-96',737,3127),(600227,'2024-04-05','21:00:00','julien.perez878@example.com','+39-81-58-72-58',878,3127),(600228,'2024-04-14','10:15:00','nikolai.miller538@example.com','+213-45-81-52-61',538,3127),(600229,'2024-03-01','17:15:00','wei.martinez821@example.com','+44-64-88-04-45',821,3127),(600230,'2024-02-02','17:00:00','ivan.pereira832@example.com','+974-05-47-06-72',832,3127),(600231,'2024-01-14','21:00:00','isabella.choi153@example.com','+44-37-42-27-96',153,3127),(600232,'2024-01-19','17:15:00','elena.tran110@example.com','+971-71-96-05-40',110,3127),(600233,'2024-04-10','13:15:00','pablo.sharma180@example.com','+974-44-85-68-37',180,3127),(600234,'2024-03-21','18:30:00','george.davis897@example.com','+49-21-80-99-03',897,3127),(600235,'2024-03-02','14:15:00','emma.martinez213@example.com','+90-72-40-54-94',213,3127),(600236,'2024-01-31','19:00:00','erik.mansour460@example.com','+49-47-12-15-06',460,3127),(600237,'2024-02-16','18:30:00','henry.sokolov711@example.com','+33-67-03-75-22',711,3127),(600238,'2024-02-08','18:00:00','arjun.li299@example.com','+44-06-55-41-15',299,3127),(600239,'2024-01-21','12:15:00','emma.martinez767@example.com','+971-38-10-90-81',767,3127),(600240,'2024-02-10','10:00:00','isabella.andersson968@example.com','+34-11-34-26-22',968,3127),(600241,'2024-01-30','09:45:00','haruto.park935@example.com','+212-08-17-72-06',935,3127),(600242,'2024-04-30','19:30:00','luca.robert497@example.com','+212-95-65-50-40',497,3127),(600243,'2024-02-08','20:30:00','zain.rossi305@example.com','+212-60-75-24-91',305,3127),(600244,'2024-01-15','09:15:00','ivan.mansour492@example.com','+41-33-06-60-70',492,3127),(600245,'2024-02-27','17:00:00','erik.virtanen525@example.com','+27-76-47-46-71',525,3127),(600246,'2024-02-14','13:15:00','hugo.williams134@example.com','+212-01-20-47-75',134,3127),(600247,'2024-03-04','21:30:00','mohamed.perez540@example.com','+213-11-07-81-79',540,3128),(600248,'2024-05-03','10:30:00','amelia.nielsen254@example.com','+351-85-41-71-12',254,3128),(600249,'2024-01-16','22:00:00','manon.simon418@example.com','+41-93-73-25-29',418,3128),(600250,'2024-04-12','20:45:00','maya.russo708@example.com','+216-36-04-75-64',708,3128),(600251,'2024-03-26','13:00:00','ava.thomas781@example.com','+974-22-47-62-27',781,3128),(600252,'2024-02-28','12:15:00','raphael.ferrari426@example.com','+974-02-38-43-46',426,3128),(600253,'2024-02-07','17:45:00','chloé.martinez929@example.com','+1-47-75-52-34',929,3129),(600254,'2024-02-10','12:00:00','pierre.simon171@example.com','+1-50-74-76-21',171,3129),(600255,'2024-04-04','17:45:00','zain.nielsen69@example.com','+213-60-32-34-00',69,3129),(600256,'2024-02-15','12:00:00','sonia.choi902@example.com','+351-02-26-91-88',902,3129),(600257,'2024-02-24','18:45:00','daria.sanchez501@example.com','+49-69-22-38-32',501,3129),(600258,'2024-02-25','19:00:00','amina.choi771@example.com','+27-56-98-50-27',771,3129),(600259,'2024-02-26','14:45:00','igor.perez574@example.com','+27-51-68-74-82',574,3130),(600260,'2024-04-24','18:15:00','ming.thomas117@example.com','+41-67-02-60-02',117,3130),(600261,'2024-03-04','17:30:00','igor.zhang673@example.com','+213-52-13-99-91',673,3130),(600262,'2024-04-23','20:00:00','james.haddad260@example.com','+216-90-81-35-19',260,3130),(600263,'2024-03-23','14:15:00','elena.perez404@example.com','+971-01-76-38-41',404,3130),(600264,'2024-05-22','13:00:00','ivan.virtanen360@example.com','+212-85-17-72-89',360,3130),(600265,'2024-01-29','17:45:00','diego.hussain293@example.com','+216-81-33-53-66',293,3130),(600266,'2024-05-18','15:15:00','haruto.popa879@example.com','+351-44-86-99-78',879,3131),(600267,'2024-02-03','09:45:00','gabriel.davis218@example.com','+39-45-63-66-17',218,3131),(600268,'2024-05-20','17:00:00','noor.ahmed207@example.com','+33-23-73-54-78',207,3131),(600269,'2024-02-27','15:30:00','renata.greco9@example.com','+41-65-05-87-65',9,3131),(600270,'2024-03-06','10:15:00','liam.papadopoulos68@example.com','+90-94-73-29-95',68,3131),(600271,'2024-03-05','18:30:00','maya.popa848@example.com','+213-11-48-52-04',848,3131),(600272,'2024-03-16','09:00:00','amelia.moreau550@example.com','+49-74-41-17-52',550,3131),(600273,'2024-03-10','20:30:00','marek.georgiou450@example.com','+39-25-58-78-51',450,3132),(600274,'2024-04-15','18:30:00','isabella.murphy145@example.com','+212-16-06-83-79',145,3132),(600275,'2024-02-21','15:45:00','manon.durand251@example.com','+44-70-59-25-30',251,3132),(600276,'2024-03-22','12:30:00','ben.kim262@example.com','+90-36-91-22-20',262,3132),(600277,'2024-05-02','19:30:00','hugo.jones136@example.com','+34-77-64-31-44',136,3132),(600278,'2024-05-24','17:30:00','diego.pereira248@example.com','+216-76-02-55-54',248,3132),(600279,'2024-02-25','22:45:00','david.silva642@example.com','+971-40-81-59-00',642,3132),(600280,'2024-04-22','10:15:00','arthur.russo931@example.com','+213-75-35-45-67',931,3133),(600281,'2024-06-03','17:30:00','marta.laurent959@example.com','+44-77-44-92-48',959,3133),(600282,'2024-03-20','08:45:00','olga.sharma614@example.com','+34-16-26-16-42',614,3133),(600283,'2024-02-14','08:45:00','renata.petrov36@example.com','+34-23-16-21-32',36,3133),(600284,'2024-03-02','12:15:00','camila.brown916@example.com','+20-09-33-71-94',916,3133),(600285,'2024-04-24','09:15:00','mia.kim976@example.com','+33-06-12-16-34',976,3133),(600286,'2024-04-25','11:00:00','hana.gonzalez265@example.com','+212-06-28-53-96',265,3134),(600287,'2024-05-08','17:45:00','anna.zhao138@example.com','+41-44-36-72-98',138,3134),(600288,'2024-04-13','11:00:00','andre.yamamoto196@example.com','+90-70-03-92-21',196,3134),(600289,'2024-06-07','10:45:00','haruto.murphy267@example.com','+213-97-08-30-48',267,3134),(600290,'2024-02-28','22:00:00','lea.nielsen646@example.com','+34-89-34-56-82',646,3134),(600291,'2024-02-16','08:15:00','ibrahim.zhang779@example.com','+39-19-35-33-34',779,3134),(600292,'2024-03-26','12:00:00','pierre.silva314@example.com','+1-10-14-78-92',314,3135),(600293,'2024-05-14','11:15:00','khalid.davis74@example.com','+33-55-94-65-49',74,3135),(600294,'2024-06-21','14:45:00','sara.durand567@example.com','+351-73-16-41-74',567,3135),(600295,'2024-05-11','08:45:00','james.miller914@example.com','+20-19-38-68-76',914,3135),(600296,'2024-06-05','12:45:00','beatriz.kowalski828@example.com','+212-50-47-79-99',828,3135),(600297,'2024-06-17','19:00:00','emily.oliveira847@example.com','+33-37-97-16-74',847,3135),(600298,'2024-06-12','16:30:00','renata.costa397@example.com','+27-26-89-55-60',397,3135),(600299,'2024-04-21','12:30:00','ming.korhonen390@example.com','+41-34-70-87-32',390,3135),(600300,'2024-03-08','18:30:00','mia.khalil65@example.com','+44-85-99-81-07',65,3135),(600301,'2024-06-16','11:30:00','jade.lam105@example.com','+27-78-80-43-19',105,3135),(600302,'2024-06-27','15:30:00','seojun.miller626@example.com','+20-96-14-69-33',626,3135),(600303,'2024-07-02','11:45:00','tiago.popov661@example.com','+351-90-60-52-64',661,3135),(600304,'2024-05-19','21:45:00','daria.hussain728@example.com','+44-86-91-40-32',728,3135),(600305,'2024-04-10','10:45:00','elias.larsen844@example.com','+216-81-53-07-34',844,3135),(600306,'2024-06-16','20:30:00','khalid.singh774@example.com','+351-47-81-60-57',774,3135),(600307,'2024-03-30','22:30:00','amina.martin723@example.com','+974-49-58-63-45',723,3135),(600308,'2024-03-23','13:45:00','camila.miller887@example.com','+33-38-27-16-38',887,3135),(600309,'2024-06-18','15:30:00','pablo.wang524@example.com','+974-37-24-35-06',524,3135),(600310,'2024-04-01','14:00:00','raphael.ferrari870@example.com','+351-02-66-21-39',870,3135),(600311,'2024-06-16','15:15:00','alice.zhang629@example.com','+216-84-76-19-75',629,3135),(600312,'2024-05-14','09:15:00','joon.robert668@example.com','+1-38-24-19-13',668,3135),(600313,'2024-04-23','21:00:00','nina.benali932@example.com','+49-80-23-50-84',932,3135),(600314,'2024-05-18','17:45:00','yara.chen76@example.com','+49-24-42-34-81',76,3135),(600315,'2024-06-09','10:15:00','yara.laurent975@example.com','+44-92-42-31-20',975,3135),(600316,'2024-03-25','20:45:00','khalid.novak49@example.com','+39-68-24-02-37',49,3136),(600317,'2024-06-22','14:45:00','omar.rossi19@example.com','+44-04-37-95-45',19,3136),(600318,'2024-06-03','18:15:00','minji.yamamoto736@example.com','+1-17-38-39-36',736,3136),(600319,'2024-03-21','11:15:00','layla.smith772@example.com','+49-18-79-76-56',772,3136),(600320,'2024-04-05','17:30:00','camila.park477@example.com','+44-36-58-12-37',477,3136),(600321,'2024-03-16','19:45:00','olga.larsen826@example.com','+49-62-43-58-39',826,3136),(600322,'2024-03-27','10:15:00','hugo.benali636@example.com','+20-61-96-49-47',636,3137),(600323,'2024-04-22','15:30:00','marta.costa679@example.com','+33-85-44-05-76',679,3137),(600324,'2024-07-12','18:45:00','fatima.martin211@example.com','+971-84-24-43-21',211,3137),(600325,'2024-06-28','13:15:00','ming.simon554@example.com','+216-43-78-19-67',554,3137),(600326,'2024-06-05','18:00:00','lan.moreau489@example.com','+41-77-59-12-27',489,3137),(600327,'2024-07-11','09:00:00','elias.thomas472@example.com','+39-32-28-39-75',472,3137),(600328,'2024-05-06','19:45:00','emma.thomas120@example.com','+34-58-19-59-17',120,3137),(600329,'2024-06-17','20:15:00','yara.horvat956@example.com','+90-26-09-44-67',956,3138),(600330,'2024-07-09','13:30:00','lucas.zhao536@example.com','+1-57-90-56-16',536,3138),(600331,'2024-06-18','12:30:00','diego.hussain190@example.com','+34-46-74-01-52',190,3139),(600332,'2024-06-30','08:00:00','charlotte.martinez530@example.com','+44-38-24-03-31',530,3139),(600333,'2024-06-13','17:00:00','noura.robert274@example.com','+34-84-68-39-71',274,3139),(600334,'2024-04-23','12:45:00','minji.ivanov655@example.com','+974-72-10-12-82',655,3139),(600335,'2024-06-24','16:30:00','manon.ivanov945@example.com','+34-04-64-95-61',945,3139),(600336,'2024-05-03','18:30:00','amelia.nguyen622@example.com','+1-64-93-55-42',622,3139),(600337,'2024-05-30','22:30:00','aiko.yamamoto596@example.com','+44-98-93-56-70',596,3140),(600338,'2024-05-03','16:45:00','george.zhao633@example.com','+212-66-40-50-77',633,3140),(600339,'2024-04-11','21:45:00','yuki.smith329@example.com','+213-92-27-87-75',329,3140),(600340,'2024-07-08','16:15:00','nina.benali730@example.com','+41-96-06-08-38',730,3140),(600341,'2024-06-02','20:15:00','ben.ivanov142@example.com','+213-21-17-12-19',142,3140),(600342,'2024-06-18','09:00:00','ines.li148@example.com','+34-75-58-35-21',148,3140),(600343,'2024-07-29','11:45:00','omar.ionescu631@example.com','+974-81-96-67-41',631,3141),(600344,'2024-05-23','22:15:00','raphael.novak804@example.com','+20-16-65-96-22',804,3141),(600345,'2024-04-20','15:15:00','khalid.zhao717@example.com','+212-72-94-91-61',717,3141),(600346,'2024-07-25','21:45:00','kamil.rodriguez121@example.com','+90-92-03-35-64',121,3141),(600347,'2024-07-07','20:45:00','igor.horvat707@example.com','+1-25-02-92-54',707,3141),(600348,'2024-07-03','08:45:00','amelia.kobayashi41@example.com','+1-69-51-94-13',41,3141),(600349,'2024-06-08','19:15:00','adam.georgiou271@example.com','+34-66-37-24-36',271,3141),(600350,'2024-06-29','17:30:00','wei.perez597@example.com','+44-32-12-82-60',597,3142),(600351,'2024-06-09','10:30:00','camila.kobayashi39@example.com','+41-57-32-18-45',39,3142),(600352,'2024-07-08','12:00:00','luca.moreau545@example.com','+216-37-14-69-55',545,3142),(600353,'2024-07-26','11:30:00','ben.johnson873@example.com','+90-55-88-57-99',873,3142),(600354,'2024-06-24','20:45:00','manon.ahmed904@example.com','+1-14-11-01-57',904,3142),(600355,'2024-05-11','15:00:00','julien.larsen431@example.com','+212-08-87-13-31',431,3142),(600356,'2024-08-12','12:30:00','raphael.martinez6@example.com','+49-54-21-77-65',6,3143),(600357,'2024-05-27','22:30:00','ravi.yamamoto805@example.com','+213-59-33-58-95',805,3143),(600358,'2024-08-02','15:15:00','sonia.popov281@example.com','+44-17-75-88-50',281,3143),(600359,'2024-06-23','11:45:00','anika.tran612@example.com','+90-39-64-11-81',612,3143),(600360,'2024-08-17','13:45:00','sara.davis389@example.com','+49-00-83-41-79',389,3143),(600361,'2024-08-04','10:30:00','arjun.ferrari509@example.com','+44-45-74-36-27',509,3143),(600362,'2024-08-04','16:00:00','jade.romano920@example.com','+351-42-36-38-77',920,3144),(600363,'2024-05-28','16:45:00','isabella.choi827@example.com','+90-82-49-82-90',827,3144),(600364,'2024-05-30','19:00:00','wei.sokolov428@example.com','+90-10-36-11-65',428,3144),(600365,'2024-07-15','08:00:00','elias.miller343@example.com','+974-16-49-47-34',343,3144),(600366,'2024-06-19','18:00:00','igor.jones802@example.com','+213-55-41-51-16',802,3144),(600367,'2024-04-25','17:45:00','ewa.miller238@example.com','+1-41-98-68-03',238,3144),(600368,'2024-07-11','10:15:00','ming.perez409@example.com','+39-82-54-25-41',409,3144),(600369,'2024-05-04','14:45:00','chloé.papadopoulos889@example.com','+213-19-10-81-42',889,3144),(600370,'2024-07-20','18:45:00','marta.bernard846@example.com','+974-47-87-52-28',846,3144),(600371,'2024-08-17','19:30:00','nikolai.nguyen486@example.com','+34-90-74-89-61',486,3144),(600372,'2024-08-09','18:15:00','seojun.andersson364@example.com','+34-86-58-64-70',364,3144),(600373,'2024-06-30','08:30:00','fatima.chen618@example.com','+351-12-66-15-27',618,3144),(600374,'2024-07-24','09:30:00','pablo.mansour735@example.com','+27-29-04-76-63',735,3144),(600375,'2024-05-22','17:00:00','karim.kobayashi53@example.com','+41-79-44-72-29',53,3144),(600376,'2024-08-07','08:15:00','emma.dubois665@example.com','+90-29-28-27-67',665,3144),(600377,'2024-04-25','11:30:00','david.benali286@example.com','+27-75-81-59-68',286,3144),(600378,'2024-05-05','22:30:00','olga.costa219@example.com','+27-87-00-66-28',219,3144),(600379,'2024-08-03','17:45:00','sven.popov778@example.com','+41-77-57-35-80',778,3144),(600380,'2024-08-11','15:30:00','leo.tanaka165@example.com','+33-63-54-36-16',165,3144),(600381,'2024-08-18','16:15:00','neha.russo535@example.com','+1-70-77-35-50',535,3144),(600382,'2024-07-25','16:30:00','kamil.zhang38@example.com','+39-96-21-21-28',38,3144),(600383,'2024-06-07','18:15:00','mark.nowak37@example.com','+1-87-39-48-55',37,3144),(600384,'2024-04-26','16:15:00','leo.nowak168@example.com','+351-90-71-68-89',168,3145),(600385,'2024-05-06','19:15:00','manon.wang687@example.com','+213-49-25-87-51',687,3145),(600386,'2024-06-09','17:45:00','omar.khan886@example.com','+90-34-88-79-18',886,3145),(600387,'2024-08-19','17:15:00','aya.nowak606@example.com','+971-18-54-28-30',606,3145),(600388,'2024-06-24','16:45:00','ibrahim.horvat398@example.com','+49-83-69-39-45',398,3145),(600389,'2024-05-24','10:45:00','ming.martin458@example.com','+351-13-46-50-89',458,3145),(600390,'2024-06-09','19:45:00','hugo.garcia580@example.com','+213-42-11-39-27',580,3146),(600391,'2024-07-08','11:00:00','adam.gonzalez212@example.com','+1-98-44-16-42',212,3146),(600392,'2024-06-23','12:45:00','ines.kim156@example.com','+216-58-86-05-02',156,3146),(600393,'2024-05-11','13:30:00','george.dubois693@example.com','+974-45-12-90-43',693,3146),(600394,'2024-06-16','21:15:00','omar.haddad695@example.com','+212-19-73-63-79',695,3146),(600395,'2024-07-26','20:00:00','emily.chen291@example.com','+1-51-48-90-82',291,3146),(600396,'2024-07-30','11:45:00','emily.khalil51@example.com','+20-30-96-97-81',51,3147),(600397,'2024-06-30','18:15:00','marta.singh374@example.com','+90-68-11-05-24',374,3147),(600398,'2024-07-03','21:00:00','seojun.lam647@example.com','+213-70-97-76-65',647,3147),(600399,'2024-07-20','17:30:00','nikolai.rodriguez706@example.com','+90-16-93-06-31',706,3147),(600400,'2024-05-05','16:00:00','liam.haddad377@example.com','+34-02-93-33-22',377,3147),(600401,'2024-06-08','14:00:00','kamil.choi822@example.com','+974-97-97-86-58',822,3147),(600402,'2024-08-20','21:45:00','renata.garcia174@example.com','+974-82-25-11-43',174,3147),(600403,'2024-07-14','10:00:00','gabriel.murphy330@example.com','+216-11-82-25-29',330,3147),(600404,'2024-05-21','15:30:00','joon.sato445@example.com','+974-57-63-61-92',445,3147),(600405,'2024-08-15','20:30:00','isabella.khan663@example.com','+1-26-87-97-22',663,3147),(600406,'2024-07-26','20:00:00','charlotte.pereira928@example.com','+39-22-57-11-19',928,3147),(600407,'2024-05-09','11:30:00','joon.horvat911@example.com','+20-11-51-51-92',911,3147),(600408,'2024-06-22','08:00:00','olivia.kobayashi462@example.com','+216-91-59-99-28',462,3147),(600409,'2024-05-03','14:00:00','hugo.zhao394@example.com','+90-73-80-97-47',394,3147),(600410,'2024-06-20','21:00:00','renata.larsen729@example.com','+351-59-20-40-63',729,3147),(600411,'2024-08-16','08:45:00','henry.robert982@example.com','+34-44-45-20-71',982,3147),(600412,'2024-07-03','18:45:00','luca.smith603@example.com','+1-23-16-49-74',603,3147),(600413,'2024-05-08','20:15:00','james.nguyen726@example.com','+216-18-65-07-72',726,3147),(600414,'2024-07-21','09:00:00','renata.kobayashi924@example.com','+1-66-42-62-75',924,3147),(600415,'2024-06-24','20:30:00','william.benali499@example.com','+351-41-33-79-48',499,3147),(600416,'2024-06-23','10:15:00','leo.ionescu516@example.com','+216-81-25-57-98',516,3147),(600417,'2024-07-01','09:30:00','khalid.novak768@example.com','+213-98-11-81-62',768,3147),(600418,'2024-06-27','20:45:00','victoria.papadopoulos89@example.com','+216-76-47-65-94',89,3147),(600419,'2024-05-29','16:30:00','daria.papadopoulos405@example.com','+33-42-13-07-66',405,3147),(600420,'2024-06-22','16:00:00','kamil.korhonen744@example.com','+41-99-78-74-46',744,3148),(600421,'2024-05-03','13:00:00','kamil.ionescu59@example.com','+974-17-31-39-70',59,3148),(600422,'2024-06-07','20:45:00','marek.durand581@example.com','+1-60-55-09-23',581,3148),(600423,'2024-06-10','10:45:00','diego.haddad922@example.com','+44-15-78-40-79',922,3148),(600424,'2024-08-24','10:00:00','khalid.davis751@example.com','+971-03-12-41-71',751,3148),(600425,'2024-07-22','17:45:00','marta.ferrari648@example.com','+216-32-10-27-25',648,3148),(600426,'2024-07-17','20:45:00','arjun.larsen561@example.com','+41-59-26-40-19',561,3148),(600427,'2024-08-08','10:30:00','daniel.richard22@example.com','+27-25-34-91-63',22,3148),(600428,'2024-08-08','10:30:00','amina.costa892@example.com','+34-07-17-32-82',892,3148),(600429,'2024-05-16','22:00:00','leo.papadopoulos435@example.com','+351-60-78-34-58',435,3148),(600430,'2024-05-26','17:45:00','joon.murphy566@example.com','+34-21-41-26-60',566,3148),(600431,'2024-06-30','09:15:00','giulia.jensen969@example.com','+44-67-03-28-65',969,3148),(600432,'2024-07-14','14:30:00','amelia.sanchez941@example.com','+34-20-74-86-72',941,3148),(600433,'2024-05-22','13:45:00','olivia.georgiou432@example.com','+34-73-23-47-98',432,3148),(600434,'2024-07-28','14:15:00','neha.martin233@example.com','+20-94-22-41-10',233,3148),(600435,'2024-07-13','13:00:00','sara.santos803@example.com','+27-65-26-87-07',803,3148),(600436,'2024-07-23','15:15:00','elias.hussain446@example.com','+20-10-02-60-84',446,3148),(600437,'2024-08-10','20:00:00','beatriz.tran103@example.com','+20-07-65-41-05',103,3148),(600438,'2024-05-06','11:45:00','pablo.garcia127@example.com','+41-40-35-27-60',127,3148),(600439,'2024-08-28','09:45:00','layla.park508@example.com','+39-61-37-95-29',508,3148),(600440,'2024-06-27','17:00:00','jade.lopez700@example.com','+971-21-37-67-39',700,3148),(600441,'2024-07-14','13:15:00','ines.kobayashi506@example.com','+27-48-07-92-84',506,3148),(600442,'2024-07-20','19:00:00','erik.robert413@example.com','+41-95-56-16-18',413,3148),(600443,'2024-06-27','16:00:00','yara.novak326@example.com','+1-08-86-73-54',326,3148),(600444,'2024-05-20','22:45:00','minji.johnson589@example.com','+27-68-26-37-09',589,3148),(600445,'2024-07-26','16:15:00','chloé.johnson942@example.com','+351-44-13-98-73',942,3148),(600446,'2024-08-16','10:45:00','neha.smith593@example.com','+212-75-92-18-09',593,3148),(600447,'2024-07-01','13:00:00','igor.zhang111@example.com','+971-27-65-44-65',111,3149),(600448,'2024-06-20','12:15:00','noah.khalil417@example.com','+34-78-17-17-70',417,3149),(600449,'2024-08-25','09:45:00','giulia.nowak453@example.com','+971-98-13-46-53',453,3149),(600450,'2024-08-03','13:00:00','ming.russo521@example.com','+974-28-05-71-57',521,3150),(600451,'2024-07-10','15:00:00','layla.kobayashi60@example.com','+41-77-20-99-81',60,3150),(600452,'2024-05-31','14:15:00','george.larsen470@example.com','+20-73-65-78-69',470,3150),(600453,'2024-07-27','12:45:00','lan.horvat151@example.com','+971-22-15-68-76',151,3150),(600454,'2024-05-23','15:45:00','camila.williams143@example.com','+1-07-03-26-67',143,3150),(600455,'2024-07-01','09:30:00','anna.rodriguez368@example.com','+41-24-97-32-31',368,3150),(600456,'2024-08-17','22:15:00','pierre.zhang227@example.com','+1-06-53-44-89',227,3150),(600457,'2024-07-18','14:45:00','yuki.russo47@example.com','+90-26-70-70-65',47,3150),(600458,'2024-07-16','14:45:00','ines.ito876@example.com','+44-39-63-18-82',876,3150),(600459,'2024-06-11','13:45:00','noor.thomas337@example.com','+39-91-12-62-42',337,3150),(600460,'2024-09-02','14:45:00','petra.tran356@example.com','+212-05-08-46-50',356,3150),(600461,'2024-07-26','19:00:00','thomas.zhao949@example.com','+20-03-01-94-79',949,3150),(600462,'2024-07-22','12:15:00','haruto.zhang800@example.com','+971-06-26-00-48',800,3150),(600463,'2024-08-15','18:30:00','julien.durand713@example.com','+33-37-98-73-95',713,3150),(600464,'2024-06-09','18:45:00','julien.nowak315@example.com','+971-48-73-75-18',315,3150),(600465,'2024-09-05','21:15:00','emma.jones371@example.com','+20-66-06-07-90',371,3150),(600466,'2024-09-11','21:15:00','lucas.bernard239@example.com','+34-93-73-43-54',239,3150),(600467,'2024-06-13','19:00:00','hugo.santos436@example.com','+33-94-19-24-53',436,3150),(600468,'2024-08-04','22:30:00','isabella.larsen812@example.com','+41-23-71-14-01',812,3150),(600469,'2024-07-04','17:45:00','mia.richard582@example.com','+216-67-75-13-99',582,3150),(600470,'2024-07-19','13:45:00','aya.kim543@example.com','+1-26-22-51-14',543,3150),(600471,'2024-05-30','13:00:00','ravi.ferrari45@example.com','+20-41-51-30-53',45,3150),(600472,'2024-06-02','08:30:00','nadia.simon473@example.com','+216-75-98-57-74',473,3150),(600473,'2024-07-31','17:45:00','andre.martin408@example.com','+1-59-55-21-82',408,3150),(600474,'2024-07-20','20:30:00','renata.lopez268@example.com','+1-06-37-47-30',268,3150),(600475,'2024-06-23','19:00:00','jade.ferrari240@example.com','+971-86-09-51-00',240,3150),(600476,'2024-06-15','12:00:00','renata.brown926@example.com','+41-61-74-19-41',926,3150),(600477,'2024-07-31','10:45:00','nadia.robert546@example.com','+20-03-11-43-48',546,3150),(600478,'2024-07-21','17:15:00','andre.greco680@example.com','+971-73-04-75-07',680,3150),(600479,'2024-08-26','19:30:00','ibrahim.johnson93@example.com','+33-62-23-13-10',93,3151),(600480,'2024-09-06','10:00:00','thomas.martin13@example.com','+1-10-58-80-35',13,3151),(600481,'2024-08-10','19:30:00','bao.martinez877@example.com','+213-60-95-25-21',877,3151),(600482,'2024-07-29','12:30:00','priya.georgiou709@example.com','+34-87-90-59-11',709,3151),(600483,'2024-08-10','08:00:00','pablo.benali246@example.com','+41-90-00-08-21',246,3151),(600484,'2024-07-17','13:00:00','elena.rodriguez96@example.com','+974-05-59-81-13',96,3151),(600485,'2024-07-04','18:00:00','salma.ionescu236@example.com','+1-90-66-09-75',236,3151),(600486,'2024-07-30','09:30:00','luca.rodriguez939@example.com','+90-48-89-96-06',939,3152),(600487,'2024-09-09','10:15:00','nina.laurent840@example.com','+34-02-67-21-10',840,3152),(600488,'2024-09-10','15:15:00','layla.park149@example.com','+212-85-93-90-33',149,3152),(600489,'2024-07-18','21:15:00','sonia.sato654@example.com','+974-75-29-18-73',654,3152),(600490,'2024-06-10','09:30:00','isabella.chen698@example.com','+33-05-72-08-77',698,3152),(600491,'2024-08-17','19:45:00','andre.georgiou944@example.com','+41-31-23-86-70',944,3152),(600492,'2024-07-11','10:30:00','khalid.johnson461@example.com','+90-55-51-09-83',461,3152),(600493,'2024-06-07','11:15:00','hana.andersson656@example.com','+39-09-15-34-01',656,3152),(600494,'2024-07-26','20:45:00','alice.obrien758@example.com','+41-85-35-01-74',758,3152),(600495,'2024-06-25','22:15:00','youssef.popov742@example.com','+974-40-63-79-46',742,3152),(600496,'2024-06-30','20:45:00','yuki.miller755@example.com','+49-35-30-39-43',755,3152),(600497,'2024-08-13','18:45:00','nikolai.obrien794@example.com','+90-64-02-49-94',794,3152),(600498,'2024-06-17','19:45:00','ming.garcia983@example.com','+974-26-47-26-15',983,3152),(600499,'2024-09-14','19:45:00','leo.russo769@example.com','+216-34-66-34-15',769,3152),(600500,'2024-07-14','18:00:00','igor.novak660@example.com','+1-42-72-88-08',660,3152),(600501,'2024-07-02','12:45:00','neha.ivanov194@example.com','+212-37-97-88-72',194,3152),(600502,'2024-08-27','21:00:00','karim.sokolov90@example.com','+33-31-62-30-35',90,3152),(600503,'2024-06-23','15:30:00','thomas.nowak927@example.com','+49-90-66-26-97',927,3152),(600504,'2024-07-22','17:30:00','joon.sato797@example.com','+20-78-25-91-01',797,3152),(600505,'2024-07-23','16:15:00','wei.larsen15@example.com','+213-56-27-67-40',15,3152),(600506,'2024-06-21','15:30:00','sonia.singh666@example.com','+33-51-60-68-84',666,3153),(600507,'2024-07-16','19:15:00','elias.wang522@example.com','+216-55-16-53-53',522,3153),(600508,'2024-08-23','22:00:00','wei.chen367@example.com','+39-69-20-23-95',367,3153),(600509,'2024-08-31','19:15:00','sofia.kowalski510@example.com','+351-44-08-94-41',510,3153),(600510,'2024-06-10','08:45:00','daniel.williams30@example.com','+41-60-44-64-10',30,3153),(600511,'2024-07-29','17:45:00','marek.horvat99@example.com','+212-34-95-13-07',99,3153),(600512,'2024-09-12','10:15:00','sara.singh734@example.com','+44-11-33-88-87',734,3153),(600513,'2024-09-02','16:30:00','petra.murphy344@example.com','+44-00-99-08-34',344,3154),(600514,'2024-08-15','12:15:00','layla.petrov443@example.com','+20-69-99-33-97',443,3154),(600515,'2024-07-15','18:45:00','ewa.andersson347@example.com','+27-36-40-98-09',347,3154),(600516,'2024-09-18','11:00:00','mark.silva811@example.com','+27-75-64-23-77',811,3154),(600517,'2024-08-14','20:45:00','liam.sanchez682@example.com','+213-56-64-13-22',682,3154),(600518,'2024-08-03','16:15:00','ibrahim.nowak556@example.com','+90-74-85-80-22',556,3154),(600519,'2024-10-13','13:30:00','tiago.russo464@example.com','+34-55-07-68-80',464,3155),(600520,'2024-07-02','09:00:00','daria.ionescu193@example.com','+41-51-90-10-23',193,3155),(600521,'2024-08-07','20:30:00','fatima.tanaka94@example.com','+971-75-08-52-43',94,3155),(600522,'2024-07-21','14:15:00','marta.brown953@example.com','+90-25-32-74-08',953,3155),(600523,'2024-07-30','17:00:00','salma.larsen478@example.com','+971-46-09-11-79',478,3155),(600524,'2024-10-05','16:30:00','nadia.thomas978@example.com','+971-78-55-29-07',978,3155),(600525,'2024-06-18','20:00:00','elena.brown416@example.com','+90-32-52-92-08',416,3155),(600526,'2024-10-04','14:30:00','olivia.ferrari80@example.com','+90-78-00-43-96',80,3156),(600527,'2024-06-29','12:15:00','william.nguyen600@example.com','+212-64-20-51-30',600,3156),(600528,'2024-06-30','20:00:00','anika.hussain288@example.com','+1-93-67-56-39',288,3156),(600529,'2024-06-25','18:00:00','haruto.zhao338@example.com','+90-91-81-05-82',338,3156),(600530,'2024-09-28','14:45:00','ibrahim.moreau591@example.com','+27-50-89-05-39',591,3156),(600531,'2024-08-10','10:15:00','fatima.costa456@example.com','+34-30-59-81-07',456,3156),(600532,'2024-09-08','10:15:00','ines.williams132@example.com','+1-71-71-41-27',132,3157),(600533,'2024-07-22','21:30:00','aiko.williams14@example.com','+212-42-91-47-16',14,3157),(600534,'2024-09-17','10:00:00','petra.obrien147@example.com','+49-23-30-13-07',147,3157),(600535,'2024-09-20','11:30:00','zain.papadopoulos946@example.com','+971-46-16-34-16',946,3157),(600536,'2024-09-22','11:45:00','william.simon896@example.com','+39-76-45-91-47',896,3157),(600537,'2024-09-06','22:30:00','emily.nielsen989@example.com','+212-61-43-78-90',989,3157),(600538,'2024-09-01','19:15:00','ravi.jones558@example.com','+213-48-54-02-83',558,3158),(600539,'2024-10-16','13:15:00','chloé.thomas295@example.com','+351-89-95-68-79',295,3158),(600540,'2024-07-18','22:30:00','igor.chen164@example.com','+33-91-25-48-55',164,3158),(600541,'2024-09-24','09:00:00','zain.costa671@example.com','+971-23-76-18-20',671,3158),(600542,'2024-08-16','22:30:00','lea.russo790@example.com','+971-48-03-58-26',790,3158),(600543,'2024-07-09','11:45:00','charlotte.petrov756@example.com','+33-39-19-32-44',756,3158),(600544,'2024-08-11','13:15:00','raphael.singh624@example.com','+44-96-49-67-35',624,3158),(600545,'2024-09-03','17:00:00','emma.kowalski448@example.com','+216-42-66-17-71',448,3158),(600546,'2024-09-23','08:30:00','ibrahim.costa732@example.com','+216-44-16-36-28',732,3158),(600547,'2024-08-30','16:15:00','lea.khalil724@example.com','+216-02-52-48-08',724,3158),(600548,'2024-09-06','21:00:00','arthur.yamamoto312@example.com','+351-04-50-98-21',312,3158),(600549,'2024-07-10','17:15:00','ewa.jensen748@example.com','+212-06-16-43-83',748,3158),(600550,'2024-08-29','20:30:00','mark.kim933@example.com','+90-49-09-68-18',933,3158),(600551,'2024-07-02','13:00:00','adam.russo496@example.com','+213-19-32-44-95',496,3158),(600552,'2024-07-21','15:15:00','ravi.dubois619@example.com','+971-31-14-55-36',619,3158),(600553,'2024-08-03','21:15:00','emma.tran195@example.com','+41-39-82-89-76',195,3158),(600554,'2024-08-19','08:45:00','noah.popa440@example.com','+33-97-90-58-73',440,3158),(600555,'2024-10-12','15:45:00','ben.romano551@example.com','+20-18-78-37-14',551,3158),(600556,'2024-09-06','17:00:00','george.bernard672@example.com','+216-17-81-34-74',672,3158),(600557,'2024-06-30','20:15:00','pierre.kowalski653@example.com','+213-09-33-31-41',653,3158),(600558,'2024-10-23','18:15:00','sonia.dubois880@example.com','+49-72-25-36-57',880,3158),(600559,'2024-10-18','17:15:00','adam.santos320@example.com','+351-73-51-28-01',320,3158),(600560,'2024-08-02','17:15:00','hugo.lam484@example.com','+49-41-09-09-29',484,3158),(600561,'2024-09-04','14:45:00','daniel.sato964@example.com','+20-45-54-51-90',964,3158),(600562,'2024-08-22','19:30:00','sonia.petrov571@example.com','+33-14-12-08-75',571,3158),(600563,'2024-08-21','13:00:00','wei.obrien888@example.com','+27-51-80-65-24',888,3158),(600564,'2024-09-18','18:00:00','adam.martin662@example.com','+213-39-33-53-63',662,3158),(600565,'2024-07-25','12:30:00','james.thomas40@example.com','+34-76-62-14-84',40,3158),(600566,'2024-07-02','08:00:00','haruto.conti685@example.com','+34-45-65-54-73',685,3158),(600567,'2024-10-15','15:30:00','emma.virtanen807@example.com','+971-78-89-81-53',807,3159),(600568,'2024-09-28','18:30:00','tiago.brown31@example.com','+34-00-00-14-02',31,3159),(600569,'2024-10-25','18:30:00','victoria.zhang362@example.com','+39-05-28-69-69',362,3159),(600570,'2024-09-23','17:45:00','andre.sato490@example.com','+41-57-98-76-39',490,3159),(600571,'2024-10-15','18:30:00','nina.santos868@example.com','+90-79-94-72-70',868,3159),(600572,'2024-09-09','17:15:00','sven.haddad2@example.com','+351-36-33-40-87',2,3159),(600573,'2024-09-04','08:00:00','neha.tanaka361@example.com','+41-99-07-02-46',361,3160),(600574,'2024-07-30','19:30:00','sara.gonzalez670@example.com','+974-42-48-68-08',670,3160),(600575,'2024-08-03','13:00:00','sven.sato130@example.com','+1-59-03-08-82',130,3160),(600576,'2024-09-04','22:45:00','nina.dubois206@example.com','+212-10-77-54-97',206,3160),(600577,'2024-07-20','14:15:00','omar.korhonen283@example.com','+213-89-38-12-85',283,3160),(600578,'2024-08-04','22:00:00','yara.davis528@example.com','+27-54-83-36-58',528,3160),(600579,'2024-10-23','22:15:00','sara.martin875@example.com','+20-20-26-74-29',875,3161),(600580,'2024-09-22','12:15:00','mark.rossi24@example.com','+44-19-74-97-51',24,3161),(600581,'2024-08-31','11:45:00','neha.robert894@example.com','+971-56-31-26-68',894,3161),(600582,'2024-10-05','20:45:00','manon.lam81@example.com','+1-69-46-38-30',81,3161),(600583,'2024-09-23','18:00:00','karim.sato237@example.com','+974-79-49-99-24',237,3161),(600584,'2024-11-03','18:15:00','fatima.khalil625@example.com','+33-84-73-77-84',625,3161),(600585,'2024-08-27','17:00:00','wei.murphy169@example.com','+49-79-52-04-00',169,3162),(600586,'2024-08-24','08:00:00','hana.ionescu10@example.com','+33-86-24-18-04',10,3162),(600587,'2024-10-22','18:15:00','beatriz.virtanen214@example.com','+971-77-65-83-93',214,3162),(600588,'2024-08-16','19:15:00','daria.gonzalez871@example.com','+34-88-36-40-39',871,3162),(600589,'2024-09-11','13:00:00','david.richard370@example.com','+39-95-87-99-13',370,3162),(600590,'2024-08-19','20:15:00','pablo.ferrari855@example.com','+20-34-74-12-74',855,3162),(600591,'2024-07-11','08:15:00','noor.moreau245@example.com','+20-26-36-01-30',245,3163),(600592,'2024-09-10','13:45:00','mark.wang133@example.com','+41-11-77-99-32',133,3163),(600593,'2024-08-04','09:30:00','daria.greco532@example.com','+974-29-76-47-73',532,3163),(600594,'2024-07-21','14:15:00','ethan.nowak872@example.com','+213-46-03-79-08',872,3163),(600595,'2024-10-13','10:30:00','liam.rodriguez198@example.com','+27-18-98-97-31',198,3163),(600596,'2024-10-12','20:00:00','mark.tran740@example.com','+1-96-58-44-47',740,3163),(600597,'2024-09-15','22:30:00','youssef.horvat83@example.com','+44-13-98-83-71',83,3164),(600598,'2024-07-30','17:45:00','chloé.popa348@example.com','+39-02-06-47-14',348,3164),(600599,'2024-09-04','18:00:00','ines.petrov849@example.com','+212-43-16-34-79',849,3164),(600600,'2024-10-10','09:15:00','henry.simon311@example.com','+90-43-81-68-92',311,3164),(600601,'2024-09-10','14:15:00','gabriel.benali858@example.com','+49-69-17-72-86',858,3164),(600602,'2024-07-24','09:15:00','yara.lam691@example.com','+974-13-99-22-49',691,3164),(600603,'2024-07-26','18:45:00','alice.sokolov918@example.com','+213-65-65-20-16',918,3165),(600604,'2024-09-25','10:45:00','minji.choi292@example.com','+44-48-52-70-26',292,3165),(600605,'2024-09-14','15:30:00','ben.haddad861@example.com','+39-06-56-33-67',861,3165),(600606,'2024-09-12','08:30:00','ivan.nguyen792@example.com','+20-84-37-18-09',792,3166),(600607,'2024-10-07','22:15:00','layla.nowak181@example.com','+213-54-21-87-80',181,3166),(600608,'2024-11-07','08:00:00','victoria.tanaka841@example.com','+351-41-86-46-05',841,3166),(600609,'2024-11-11','08:15:00','anika.silva973@example.com','+20-74-93-36-35',973,3166),(600610,'2024-09-14','13:45:00','bao.kowalski373@example.com','+34-83-03-35-37',373,3167),(600611,'2024-11-01','21:15:00','fatima.kim29@example.com','+44-37-10-22-56',29,3167),(600612,'2024-09-04','17:00:00','sven.kobayashi91@example.com','+971-27-46-19-50',91,3167),(600613,'2024-12-08','08:00:00','neha.greco75@example.com','+971-79-00-03-01',75,3167),(600614,'2024-11-23','09:45:00','maya.novak555@example.com','+44-70-30-49-15',555,3167),(600615,'2024-11-21','20:30:00','lan.santos466@example.com','+216-41-15-72-48',466,3167),(600616,'2024-09-15','22:30:00','victoria.khan438@example.com','+1-82-78-02-33',438,3167),(600617,'2024-09-27','14:30:00','gabriel.sokolov406@example.com','+20-57-45-05-02',406,3168),(600618,'2024-12-07','14:15:00','manon.choi749@example.com','+213-86-85-72-83',749,3168),(600619,'2024-12-11','18:15:00','william.kobayashi26@example.com','+216-10-03-06-67',26,3168),(600620,'2024-09-17','18:30:00','anna.nowak384@example.com','+351-50-34-82-23',384,3168),(600621,'2024-08-28','09:00:00','arjun.jones161@example.com','+34-57-18-69-63',161,3168),(600622,'2024-10-13','19:15:00','camila.ionescu553@example.com','+39-81-58-07-93',553,3168),(600623,'2024-10-05','09:00:00','marek.johnson611@example.com','+90-16-73-00-54',611,3169),(600624,'2024-10-01','08:15:00','olivia.jones376@example.com','+39-43-95-64-62',376,3169),(600625,'2024-09-09','09:30:00','giulia.brown598@example.com','+27-22-42-53-41',598,3169),(600626,'2024-11-28','19:00:00','yara.novak379@example.com','+44-82-12-37-20',379,3169),(600627,'2024-08-24','14:15:00','noor.laurent226@example.com','+212-54-28-99-12',226,3169),(600628,'2024-10-23','19:30:00','elias.sokolov801@example.com','+971-35-27-07-70',801,3169),(600629,'2024-10-18','16:45:00','emma.yamamoto747@example.com','+20-46-48-55-14',747,3170),(600630,'2024-11-04','12:00:00','minh.ionescu943@example.com','+44-73-36-42-45',943,3170),(600631,'2024-09-06','17:45:00','mark.perez403@example.com','+49-84-03-79-30',403,3170),(600632,'2024-11-27','11:15:00','omar.sato563@example.com','+216-94-60-98-22',563,3170),(600633,'2024-10-31','09:00:00','ibrahim.thomas32@example.com','+351-40-59-23-79',32,3170),(600634,'2024-10-24','11:15:00','elias.johnson393@example.com','+44-60-33-86-40',393,3170),(600635,'2024-12-13','21:30:00','aya.costa115@example.com','+33-54-70-54-82',115,3170),(600636,'2024-09-20','20:30:00','mark.kim84@example.com','+27-44-29-34-46',84,3171),(600637,'2024-11-14','20:45:00','amelia.rodriguez35@example.com','+49-73-49-73-59',35,3171),(600638,'2024-11-20','20:30:00','fatima.nowak33@example.com','+971-08-68-80-70',33,3171),(600639,'2024-10-01','14:30:00','petra.jensen125@example.com','+33-71-55-93-63',125,3171),(600640,'2024-11-04','21:30:00','neha.petrov287@example.com','+44-01-59-97-13',287,3171),(600641,'2024-12-16','09:45:00','minh.petrov487@example.com','+216-99-43-18-45',487,3171),(600642,'2024-10-27','22:15:00','leo.martin474@example.com','+34-96-66-93-77',474,3172),(600643,'2024-09-27','20:30:00','neha.hussain531@example.com','+44-15-66-48-36',531,3172),(600644,'2024-11-25','19:00:00','jade.conti481@example.com','+34-73-18-86-20',481,3172),(600645,'2024-11-28','20:15:00','amina.haddad279@example.com','+41-26-73-49-03',279,3172),(600646,'2024-12-30','11:30:00','salma.wang783@example.com','+213-39-27-90-76',783,3172),(600647,'2024-09-18','12:15:00','noah.rodriguez705@example.com','+213-00-62-15-27',705,3172),(600648,'2024-12-14','20:30:00','zain.laurent225@example.com','+971-77-77-11-54',225,3172),(600649,'2024-10-25','13:45:00','leo.chen298@example.com','+44-25-50-68-34',298,3172),(600650,'2024-12-01','18:30:00','lea.khalil241@example.com','+41-46-77-67-44',241,3172),(600651,'2024-09-20','15:30:00','yuki.papadopoulos494@example.com','+212-01-01-73-13',494,3172),(600652,'2024-11-03','19:15:00','haruto.horvat401@example.com','+44-50-39-11-02',401,3172),(600653,'2024-12-17','14:15:00','james.miller586@example.com','+44-35-01-59-91',586,3172),(600654,'2024-09-19','22:00:00','amelia.perez833@example.com','+44-13-15-51-70',833,3172),(600655,'2024-11-01','21:30:00','arjun.lam129@example.com','+974-34-32-20-38',129,3172),(600656,'2024-10-07','14:00:00','david.nowak476@example.com','+212-14-15-06-91',476,3172),(600657,'2025-01-09','15:45:00','george.sokolov640@example.com','+39-21-40-50-42',640,3172),(600658,'2024-12-12','11:45:00','david.brown565@example.com','+44-38-14-80-38',565,3172),(600659,'2024-11-01','22:15:00','giulia.davis605@example.com','+216-10-30-67-42',605,3172),(600660,'2024-12-19','17:45:00','karim.haddad694@example.com','+974-88-34-65-88',694,3172),(600661,'2024-11-12','19:30:00','gabriel.ivanov475@example.com','+351-81-60-50-69',475,3172),(600662,'2024-10-12','12:45:00','omar.petrov339@example.com','+20-42-58-85-48',339,3172),(600663,'2024-09-25','10:30:00','salma.wang282@example.com','+33-41-26-90-85',282,3172),(600664,'2024-12-16','16:00:00','olga.obrien160@example.com','+27-46-44-46-94',160,3172),(600665,'2024-10-21','17:00:00','daria.choi63@example.com','+41-70-38-44-39',63,3172),(600666,'2024-11-08','11:45:00','hana.thomas191@example.com','+44-85-47-68-42',191,3172),(600667,'2024-10-29','10:00:00','emily.simon906@example.com','+49-25-87-44-96',906,3172),(600668,'2024-12-19','09:45:00','noura.romano745@example.com','+90-67-58-04-54',745,3173),(600669,'2024-12-02','16:30:00','lucas.nguyen683@example.com','+27-43-62-99-46',683,3173),(600670,'2024-10-16','08:00:00','ben.rossi675@example.com','+44-10-87-84-32',675,3173),(600671,'2024-11-04','16:00:00','gabriel.tanaka116@example.com','+41-05-08-99-50',116,3173),(600672,'2024-11-30','13:00:00','jade.richard467@example.com','+41-52-42-34-99',467,3173),(600673,'2024-09-27','16:15:00','haruto.laurent786@example.com','+974-74-13-96-89',786,3173),(600674,'2024-10-26','17:45:00','zoé.thomas702@example.com','+1-26-64-09-31',702,3173),(600675,'2024-10-19','09:30:00','layla.perez392@example.com','+44-35-23-97-77',392,3174),(600676,'2024-09-29','10:00:00','ethan.wang621@example.com','+20-12-59-88-33',621,3174),(600677,'2024-10-27','09:15:00','mark.sharma637@example.com','+1-63-86-71-66',637,3174),(600678,'2025-01-20','11:45:00','igor.robert407@example.com','+39-16-34-46-25',407,3174),(600679,'2025-01-19','19:00:00','ibrahim.moreau457@example.com','+27-94-67-66-35',457,3174),(600680,'2024-11-09','13:45:00','emily.ivanov938@example.com','+33-38-47-17-52',938,3174),(600681,'2024-11-11','21:00:00','leo.haddad255@example.com','+90-19-15-66-15',255,3175),(600682,'2024-10-08','20:45:00','arthur.jones412@example.com','+39-74-33-39-29',412,3175),(600683,'2025-01-13','11:30:00','liam.davis584@example.com','+49-90-34-82-75',584,3175),(600684,'2024-10-07','15:45:00','william.nguyen635@example.com','+974-82-46-58-28',635,3175),(600685,'2025-01-13','09:45:00','nikolai.wang203@example.com','+212-18-31-37-76',203,3175),(600686,'2025-01-21','18:30:00','ethan.costa57@example.com','+1-89-77-30-73',57,3175),(600687,'2025-01-19','09:45:00','alice.silva901@example.com','+90-06-34-03-43',901,3175),(600688,'2024-10-10','18:00:00','arthur.yamamoto323@example.com','+44-25-52-88-00',323,3176),(600689,'2024-11-20','15:00:00','petra.rodriguez18@example.com','+216-07-45-51-68',18,3177),(600690,'2024-10-08','16:45:00','zain.oliveira776@example.com','+20-79-61-64-89',776,3177),(600691,'2024-12-12','16:15:00','liam.gonzalez547@example.com','+971-90-68-48-07',547,3177),(600692,'2024-12-09','20:45:00','george.andersson396@example.com','+20-95-08-22-37',396,3177),(600693,'2024-10-26','10:45:00','noor.durand235@example.com','+41-65-89-93-80',235,3177),(600694,'2024-11-17','20:15:00','pierre.thomas334@example.com','+41-95-98-36-19',334,3177),(600695,'2024-12-07','22:45:00','minji.khalil810@example.com','+41-38-17-65-30',810,3177),(600696,'2024-11-10','13:45:00','olga.sokolov92@example.com','+1-15-85-90-91',92,3177),(600697,'2025-01-08','08:00:00','hugo.khalil451@example.com','+212-36-25-67-94',451,3177),(600698,'2024-11-05','12:15:00','ming.bernard97@example.com','+44-18-54-41-32',97,3177),(600699,'2024-11-23','09:30:00','raphael.romano760@example.com','+212-61-19-69-96',760,3177),(600700,'2024-10-22','08:15:00','andre.ferrari383@example.com','+44-91-40-52-75',383,3177),(600701,'2024-11-04','15:45:00','omar.horvat186@example.com','+971-77-98-63-49',186,3177),(600702,'2024-12-16','21:00:00','ming.nielsen285@example.com','+20-35-00-67-51',285,3177),(600703,'2024-12-15','18:15:00','pierre.novak124@example.com','+90-69-88-65-58',124,3177),(600704,'2025-01-27','16:45:00','tiago.robert527@example.com','+1-31-42-16-09',527,3177),(600705,'2024-12-06','17:30:00','beatriz.horvat952@example.com','+20-67-26-01-98',952,3177),(600706,'2024-11-08','11:00:00','nina.durand677@example.com','+351-70-49-43-37',677,3177),(600707,'2025-01-24','11:30:00','jade.davis72@example.com','+212-81-57-54-95',72,3177),(600708,'2024-11-22','16:00:00','lucas.simon895@example.com','+974-36-18-84-86',895,3177),(600709,'2024-11-21','19:30:00','diego.ahmed491@example.com','+974-32-61-03-89',491,3177),(600710,'2024-12-23','14:45:00','noah.georgiou427@example.com','+216-71-20-49-53',427,3177),(600711,'2024-12-27','09:00:00','marta.robert719@example.com','+33-61-02-66-21',719,3177),(600712,'2024-11-01','14:30:00','thomas.mansour316@example.com','+49-02-34-88-56',316,3178),(600713,'2024-10-14','20:30:00','amelia.mansour454@example.com','+33-66-00-33-20',454,3178),(600714,'2024-12-11','17:15:00','victoria.kim221@example.com','+90-86-20-31-47',221,3178),(600715,'2024-11-15','10:30:00','minh.sanchez585@example.com','+49-27-16-69-14',585,3178),(600716,'2024-11-03','18:15:00','maya.romano815@example.com','+49-05-22-33-46',815,3178),(600717,'2024-11-14','11:00:00','layla.perez146@example.com','+27-72-01-69-42',146,3178),(600718,'2024-10-26','08:15:00','daria.simon518@example.com','+34-94-07-44-10',518,3178),(600719,'2024-12-12','09:30:00','yara.nowak439@example.com','+216-27-78-79-92',439,3178),(600720,'2024-12-10','17:15:00','seojun.martinez947@example.com','+20-09-83-39-66',947,3178),(600721,'2024-11-22','10:45:00','minji.pereira513@example.com','+212-84-81-35-62',513,3178),(600722,'2024-10-29','16:30:00','ava.yamamoto3@example.com','+20-93-40-40-93',3,3178),(600723,'2024-10-23','16:30:00','marta.popov202@example.com','+1-25-38-98-26',202,3178),(600724,'2024-11-25','11:00:00','ben.obrien410@example.com','+20-95-58-40-56',410,3178),(600725,'2025-01-29','13:15:00','joon.kobayashi649@example.com','+974-77-80-24-37',649,3178),(600726,'2025-01-12','20:15:00','charlotte.novak780@example.com','+34-96-93-13-80',780,3178),(600727,'2024-11-15','19:00:00','fatima.martin743@example.com','+20-79-53-31-28',743,3178),(600728,'2024-10-19','20:15:00','karim.kim934@example.com','+33-68-06-84-96',934,3178),(600729,'2024-11-02','13:00:00','sofia.li739@example.com','+33-23-63-70-79',739,3178),(600730,'2024-12-14','13:30:00','igor.jones351@example.com','+41-87-93-26-10',351,3178),(600731,'2025-01-09','12:15:00','nadia.durand992@example.com','+41-68-35-15-64',992,3178),(600732,'2024-12-12','15:00:00','lan.jones363@example.com','+27-62-35-33-77',363,3178),(600733,'2024-10-27','14:15:00','pablo.johnson234@example.com','+216-34-84-44-38',234,3178),(600734,'2024-12-23','11:30:00','haruto.ferrari113@example.com','+971-29-65-93-44',113,3178),(600735,'2024-10-15','13:45:00','thomas.sato623@example.com','+213-36-86-20-89',623,3178),(600736,'2025-01-04','12:15:00','sonia.korhonen727@example.com','+33-06-05-49-94',727,3179),(600737,'2024-12-21','10:30:00','layla.khalil607@example.com','+20-51-04-26-04',607,3179),(600738,'2024-12-07','22:00:00','charlotte.robert449@example.com','+212-45-36-84-33',449,3179),(600739,'2024-12-05','15:15:00','amina.kowalski155@example.com','+351-75-86-77-12',155,3179),(600740,'2024-10-05','15:15:00','ewa.gonzalez752@example.com','+212-63-58-65-55',752,3179),(600741,'2024-11-27','14:15:00','renata.georgiou419@example.com','+33-03-97-09-52',419,3179),(600742,'2024-12-29','14:15:00','ewa.perez765@example.com','+213-30-01-06-04',765,3180),(600743,'2024-12-08','17:45:00','ming.ivanov139@example.com','+49-89-22-34-22',139,3180),(600744,'2024-11-24','16:00:00','tiago.park782@example.com','+90-68-76-83-74',782,3180),(600745,'2025-01-29','21:45:00','elena.dubois469@example.com','+90-18-05-84-08',469,3180),(600746,'2024-12-06','12:45:00','lea.ahmed95@example.com','+213-47-09-55-70',95,3180),(600747,'2025-01-08','12:30:00','ibrahim.ionescu594@example.com','+971-97-30-37-03',594,3180),(600748,'2024-12-07','19:15:00','elias.ivanov985@example.com','+34-03-54-36-08',985,3180),(600749,'2024-12-06','10:15:00','elena.andersson881@example.com','+974-73-73-71-74',881,3180),(600750,'2024-11-28','18:30:00','marek.santos433@example.com','+1-31-65-26-15',433,3180),(600751,'2024-12-07','11:00:00','layla.santos884@example.com','+90-83-66-08-48',884,3180),(600752,'2024-10-13','20:45:00','emma.ivanov697@example.com','+351-38-51-77-76',697,3180),(600753,'2024-10-26','20:00:00','youssef.chen777@example.com','+44-58-61-47-22',777,3180),(600754,'2024-11-15','18:30:00','mia.zhang825@example.com','+39-93-62-35-83',825,3180),(600755,'2025-02-01','20:30:00','hugo.tran910@example.com','+216-19-42-25-97',910,3180),(600756,'2025-01-10','13:15:00','ava.costa465@example.com','+33-76-31-74-31',465,3180),(600757,'2024-11-17','20:15:00','yara.ferrari820@example.com','+20-87-76-07-96',820,3180),(600758,'2025-01-07','11:00:00','arthur.durand220@example.com','+351-32-20-52-97',220,3180),(600759,'2024-10-30','22:15:00','julien.popov11@example.com','+39-52-08-01-05',11,3180),(600760,'2024-11-18','19:00:00','ben.durand958@example.com','+971-09-71-33-46',958,3180),(600761,'2024-12-21','09:45:00','amelia.ito7@example.com','+216-38-50-64-27',7,3180),(600762,'2024-11-24','18:45:00','igor.nowak639@example.com','+44-22-94-41-70',639,3180),(600763,'2024-12-08','18:00:00','elena.choi256@example.com','+44-60-08-54-12',256,3180),(600764,'2025-01-19','20:00:00','nikolai.kim366@example.com','+39-58-07-03-81',366,3180),(600765,'2025-01-04','10:00:00','james.jones85@example.com','+33-35-69-77-74',85,3180),(600766,'2024-11-23','16:00:00','gabriel.hussain434@example.com','+216-82-35-28-57',434,3180),(600767,'2025-01-29','10:30:00','henry.oliveira568@example.com','+974-97-19-52-53',568,3180),(600768,'2024-11-25','18:00:00','gabriel.rossi327@example.com','+44-10-72-03-05',327,3180),(600769,'2025-01-19','08:15:00','liam.ferrari856@example.com','+1-92-26-99-28',856,3180),(600770,'2024-12-09','13:45:00','george.virtanen965@example.com','+20-39-25-47-47',965,3181),(600771,'2025-01-13','17:45:00','hana.benali55@example.com','+41-56-69-06-98',55,3181),(600772,'2025-01-17','11:15:00','zoé.ferrari185@example.com','+27-97-17-96-98',185,3181),(600773,'2024-12-20','22:30:00','bao.nowak187@example.com','+90-29-29-07-15',187,3181),(600774,'2025-01-17','18:00:00','daniel.richard380@example.com','+90-96-62-90-83',380,3181),(600775,'2024-10-25','10:15:00','hana.kowalski539@example.com','+49-72-18-39-24',539,3181),(600776,'2025-01-21','16:15:00','zain.wang270@example.com','+27-48-61-14-48',270,3182),(600777,'2025-01-20','16:45:00','mia.nielsen350@example.com','+351-33-19-80-74',350,3182),(600778,'2024-12-04','15:45:00','andre.zhang999@example.com','+27-34-93-12-41',999,3182),(600779,'2025-02-02','19:15:00','anika.korhonen699@example.com','+1-85-59-01-50',699,3182),(600780,'2025-01-17','16:00:00','anika.smith834@example.com','+974-57-83-96-04',834,3182),(600781,'2024-10-29','19:30:00','noah.oliveira628@example.com','+216-70-71-50-11',628,3182),(600782,'2025-02-15','15:15:00','erik.greco609@example.com','+44-16-98-40-73',609,3183),(600783,'2024-12-11','12:00:00','nikolai.santos444@example.com','+27-61-01-88-66',444,3183),(600784,'2024-10-28','09:45:00','karim.zhang704@example.com','+216-30-29-03-01',704,3183),(600785,'2024-12-13','22:15:00','chloé.virtanen557@example.com','+90-21-59-86-61',557,3183),(600786,'2025-01-27','14:45:00','jade.tran616@example.com','+27-68-59-70-45',616,3183),(600787,'2025-01-20','19:15:00','petra.novak308@example.com','+90-50-91-85-97',308,3183),(600788,'2024-12-27','10:00:00','jade.choi641@example.com','+971-26-88-28-46',641,3184),(600789,'2024-12-10','20:30:00','emma.williams420@example.com','+49-25-40-79-98',420,3184),(600790,'2025-01-04','15:30:00','ibrahim.li173@example.com','+41-19-42-77-87',173,3184),(600791,'2025-01-08','11:30:00','charlotte.ivanov50@example.com','+41-19-42-08-02',50,3184),(600792,'2025-02-11','13:00:00','emily.murphy562@example.com','+33-32-66-41-15',562,3184),(600793,'2025-01-18','21:30:00','olivia.williams559@example.com','+20-83-14-77-42',559,3184),(600794,'2024-11-12','08:15:00','daniel.li817@example.com','+351-00-84-54-28',817,3185),(600795,'2024-12-14','09:45:00','diego.park455@example.com','+44-11-54-17-70',455,3185),(600796,'2025-02-11','08:45:00','salma.russo346@example.com','+1-63-86-42-45',346,3186),(600797,'2024-12-04','16:15:00','aya.williams324@example.com','+212-42-86-74-52',324,3186),(600798,'2025-02-12','11:30:00','renata.jones192@example.com','+39-06-28-21-88',192,3186),(600799,'2025-02-17','09:30:00','elena.perez21@example.com','+33-30-39-07-25',21,3186),(600800,'2024-11-22','18:15:00','ivan.ito630@example.com','+20-60-93-13-40',630,3186),(600801,'2025-01-08','09:45:00','olivia.silva82@example.com','+41-68-17-22-10',82,3186),(600802,'2024-12-25','17:30:00','noah.thomas921@example.com','+27-65-12-18-75',921,3186),(600803,'2025-01-14','17:45:00','lea.rossi845@example.com','+212-70-51-02-26',845,3187),(600804,'2025-03-16','08:45:00','ibrahim.georgiou986@example.com','+20-96-92-22-76',986,3187),(600805,'2025-01-01','19:00:00','olivia.ionescu864@example.com','+90-05-03-34-73',864,3187),(600806,'2025-03-08','21:00:00','beatriz.wang272@example.com','+971-43-97-93-90',272,3187),(600807,'2025-03-07','14:15:00','nikolai.popa442@example.com','+971-46-93-84-00',442,3187),(600808,'2025-01-01','21:45:00','salma.jones188@example.com','+49-13-02-85-74',188,3187),(600809,'2024-12-07','18:30:00','ewa.martin644@example.com','+34-11-46-03-38',644,3188),(600810,'2025-01-19','13:15:00','noah.durand177@example.com','+27-71-65-35-86',177,3188),(600811,'2025-01-03','20:00:00','sofia.gonzalez664@example.com','+49-74-98-52-27',664,3188),(600812,'2024-12-04','11:15:00','henry.chen988@example.com','+49-30-70-59-23',988,3188),(600813,'2025-03-08','16:15:00','emma.gonzalez62@example.com','+974-80-73-10-14',62,3188),(600814,'2025-02-10','20:15:00','victoria.papadopoulos950@example.com','+49-98-85-97-68',950,3188),(600815,'2025-01-07','22:00:00','ravi.jensen954@example.com','+90-36-32-20-37',954,3188),(600816,'2025-03-14','20:00:00','nikolai.sato787@example.com','+27-77-74-88-82',787,3189),(600817,'2025-02-01','16:15:00','zoé.williams48@example.com','+216-50-55-36-31',48,3189),(600818,'2025-02-20','21:15:00','diego.brown5@example.com','+213-75-07-44-07',5,3189),(600819,'2024-12-18','19:45:00','omar.ivanov569@example.com','+20-89-77-88-52',569,3189),(600820,'2025-01-19','19:15:00','omar.durand415@example.com','+213-12-69-45-65',415,3189),(600821,'2025-02-09','12:15:00','daniel.yamamoto523@example.com','+34-80-63-31-77',523,3189),(600822,'2025-02-11','12:00:00','ibrahim.ferrari1000@example.com','+212-74-10-83-27',1000,3189),(600823,'2024-12-17','10:00:00','lan.ionescu669@example.com','+49-94-78-89-44',669,3190),(600824,'2025-02-10','11:45:00','hugo.park313@example.com','+1-85-00-82-76',313,3190),(600825,'2025-01-10','14:45:00','ming.martinez310@example.com','+34-45-88-03-87',310,3190),(600826,'2025-01-23','14:30:00','leo.sokolov135@example.com','+216-41-97-00-01',135,3190),(600827,'2025-03-09','15:45:00','olga.park991@example.com','+34-72-75-68-15',991,3190),(600828,'2025-01-16','21:00:00','aiko.popa266@example.com','+1-62-15-48-13',266,3190),(600829,'2025-03-14','16:15:00','tiago.garcia784@example.com','+27-48-91-20-20',784,3190),(600830,'2025-03-04','18:45:00','elena.ivanov721@example.com','+213-94-15-33-22',721,3191),(600831,'2024-12-09','08:30:00','minh.khan297@example.com','+212-25-25-55-62',297,3191),(600832,'2024-12-13','11:15:00','wei.li816@example.com','+212-45-10-07-13',816,3191),(600833,'2025-02-05','20:45:00','ewa.horvat923@example.com','+34-32-38-26-02',923,3191),(600834,'2024-12-05','08:00:00','karim.conti359@example.com','+44-45-71-68-49',359,3191),(600835,'2025-01-29','21:15:00','thomas.bernard720@example.com','+27-16-03-00-35',720,3191),(600836,'2025-02-16','18:45:00','anna.perez78@example.com','+27-36-42-30-27',78,3191),(600837,'2025-01-15','11:30:00','charlotte.gonzalez201@example.com','+27-63-38-28-54',201,3191),(600838,'2025-01-02','19:45:00','zoé.gonzalez183@example.com','+33-86-43-99-62',183,3191),(600839,'2025-01-13','11:00:00','amina.kowalski505@example.com','+971-80-47-79-90',505,3191),(600840,'2024-12-21','12:30:00','khalid.mansour912@example.com','+971-04-29-58-15',912,3191),(600841,'2025-03-02','09:45:00','william.mansour340@example.com','+212-45-73-14-43',340,3191),(600842,'2024-12-11','17:45:00','giulia.brown172@example.com','+44-90-95-60-00',172,3191),(600843,'2025-03-12','14:45:00','ines.sokolov917@example.com','+213-79-51-61-54',917,3191),(600844,'2025-01-14','18:15:00','andre.bernard106@example.com','+351-24-94-13-04',106,3191),(600845,'2025-01-01','11:45:00','chloé.petrov838@example.com','+971-61-28-62-41',838,3191),(600846,'2024-12-08','09:15:00','wei.kowalski688@example.com','+33-50-63-70-37',688,3191),(600847,'2025-02-21','20:15:00','jade.virtanen414@example.com','+44-55-12-19-59',414,3191),(600848,'2025-01-11','13:00:00','lan.ionescu692@example.com','+213-78-70-72-80',692,3191),(600849,'2025-01-29','20:45:00','nina.smith277@example.com','+971-77-59-06-16',277,3191),(600850,'2025-02-02','22:45:00','sven.zhang940@example.com','+90-02-85-81-38',940,3191),(600851,'2025-01-07','19:15:00','giulia.kobayashi122@example.com','+351-61-05-92-91',122,3191),(600852,'2025-01-04','17:15:00','ewa.kowalski199@example.com','+216-86-42-32-43',199,3191),(600853,'2024-12-09','15:45:00','neha.johnson154@example.com','+213-91-85-17-05',154,3192),(600854,'2025-02-27','22:30:00','leo.petrov850@example.com','+20-20-75-75-12',850,3192),(600855,'2025-03-21','13:00:00','adam.robert100@example.com','+212-94-55-10-90',100,3192),(600856,'2025-03-23','09:00:00','david.greco773@example.com','+49-60-39-37-51',773,3192),(600857,'2024-12-17','12:00:00','joon.obrien42@example.com','+44-11-29-53-90',42,3192),(600858,'2025-03-28','21:30:00','minh.novak353@example.com','+212-28-39-78-77',353,3192),(600859,'2025-02-09','11:30:00','kamil.robert627@example.com','+212-68-53-27-56',627,3192),(600860,'2025-02-11','08:30:00','beatriz.romano575@example.com','+34-07-95-50-68',575,3193),(600861,'2024-12-24','20:45:00','yara.thomas701@example.com','+39-20-37-25-83',701,3193),(600862,'2024-12-14','21:00:00','pablo.horvat963@example.com','+1-12-36-44-93',963,3193),(600863,'2025-04-05','15:00:00','arthur.conti560@example.com','+213-74-01-30-96',560,3193),(600864,'2025-01-14','15:00:00','yuki.miller632@example.com','+20-16-57-62-27',632,3193),(600865,'2025-01-21','16:00:00','anika.nowak54@example.com','+41-80-58-83-71',54,3193),(600866,'2025-03-25','12:30:00','aya.obrien885@example.com','+44-10-81-70-09',885,3194),(600867,'2025-02-12','18:45:00','pablo.miller859@example.com','+33-37-80-82-10',859,3194),(600868,'2025-03-03','17:30:00','igor.oliveira184@example.com','+90-46-87-09-99',184,3194),(600869,'2024-12-16','09:45:00','victoria.papadopoulos144@example.com','+39-02-16-64-45',144,3194),(600870,'2025-02-06','20:30:00','zain.zhao302@example.com','+213-56-43-40-03',302,3194),(600871,'2024-12-26','19:45:00','ben.santos549@example.com','+974-89-93-79-49',549,3194),(600872,'2025-03-05','18:45:00','neha.kim23@example.com','+44-80-43-38-71',23,3195),(600873,'2025-03-21','19:15:00','layla.wang388@example.com','+971-17-64-85-66',388,3195),(600874,'2025-01-10','11:30:00','emma.khan249@example.com','+39-37-69-80-67',249,3195),(600875,'2025-01-08','13:30:00','aya.greco903@example.com','+20-29-90-18-04',903,3195),(600876,'2025-01-28','08:30:00','ewa.novak318@example.com','+49-07-07-39-36',318,3195),(600877,'2024-12-31','16:45:00','diego.kobayashi824@example.com','+41-86-60-70-48',824,3195),(600878,'2025-04-12','15:15:00','ivan.obrien424@example.com','+1-28-77-89-26',424,3195),(600879,'2025-01-18','16:45:00','sonia.khalil890@example.com','+34-35-68-67-83',890,3195),(600880,'2025-03-08','21:45:00','hugo.novak813@example.com','+974-35-73-40-70',813,3195),(600881,'2025-02-10','09:30:00','sara.georgiou258@example.com','+974-56-70-36-45',258,3195),(600882,'2025-02-02','17:15:00','alice.ahmed231@example.com','+212-94-89-39-82',231,3195),(600883,'2025-01-17','20:15:00','arthur.sanchez806@example.com','+1-23-29-69-82',806,3195),(600884,'2025-04-21','09:45:00','nadia.pereira471@example.com','+1-03-77-67-59',471,3195),(600885,'2025-04-18','09:45:00','ines.nielsen615@example.com','+41-93-28-61-86',615,3195),(600886,'2025-04-21','12:45:00','olga.jensen322@example.com','+44-35-14-23-22',322,3195),(600887,'2025-03-15','21:45:00','noor.popov387@example.com','+27-96-14-69-76',387,3195),(600888,'2025-01-27','18:15:00','omar.durand423@example.com','+351-81-11-60-80',423,3195),(600889,'2024-12-31','17:45:00','ming.yamamoto215@example.com','+20-56-28-64-87',215,3195),(600890,'2025-02-09','17:00:00','zoé.mansour328@example.com','+351-44-58-37-52',328,3195),(600891,'2025-04-21','08:30:00','daria.haddad86@example.com','+44-63-76-45-70',86,3195),(600892,'2025-04-06','21:00:00','hugo.gonzalez578@example.com','+974-27-75-35-84',578,3195),(600893,'2025-03-24','19:30:00','ravi.laurent118@example.com','+216-35-63-84-20',118,3195),(600894,'2025-02-07','22:15:00','nina.ito34@example.com','+33-06-96-70-68',34,3195),(600895,'2025-04-20','11:45:00','aya.lopez548@example.com','+213-64-53-62-60',548,3195),(600896,'2025-03-06','19:30:00','hugo.lam552@example.com','+971-31-22-89-37',552,3196),(600897,'2025-03-04','18:00:00','ming.ahmed170@example.com','+212-09-84-64-11',170,3196),(600898,'2025-04-06','09:15:00','youssef.nowak162@example.com','+44-30-48-06-36',162,3196),(600899,'2025-04-10','19:00:00','noah.li750@example.com','+212-23-45-81-75',750,3196),(600900,'2025-03-04','13:00:00','charlotte.durand981@example.com','+44-39-53-43-92',981,3196),(600901,'2025-03-31','08:45:00','ben.brown995@example.com','+90-76-51-33-42',995,3196),(600902,'2025-03-31','14:30:00','hugo.gonzalez578@example.com','+974-27-75-35-84',578,3197),(600903,'2025-04-08','11:45:00','william.simon896@example.com','+39-76-45-91-47',896,3197),(600904,'2025-03-15','10:00:00','emma.martin789@example.com','+39-59-64-15-71',789,3197),(600905,'2025-02-19','19:00:00','hana.gonzalez265@example.com','+212-06-28-53-96',265,3197),(600906,'2025-02-01','17:30:00','raphael.zhang759@example.com','+33-37-37-76-30',759,3197),(600907,'2024-12-31','13:15:00','joon.sato797@example.com','+20-78-25-91-01',797,3197),(600908,'2025-02-19','12:45:00','george.davis897@example.com','+49-21-80-99-03',897,3198),(600909,'2025-01-17','10:30:00','mia.perez317@example.com','+33-34-58-07-79',317,3198),(600910,'2025-04-19','20:00:00','pablo.sharma180@example.com','+974-44-85-68-37',180,3198),(600911,'2025-05-04','09:45:00','mia.kim976@example.com','+33-06-12-16-34',976,3198),(600912,'2025-02-21','17:15:00','leo.chen298@example.com','+44-25-50-68-34',298,3198),(600913,'2025-02-02','18:15:00','william.benali499@example.com','+351-41-33-79-48',499,3198),(600914,'2025-04-12','14:00:00','raphael.ferrari426@example.com','+974-02-38-43-46',426,3199),(600915,'2025-03-03','09:45:00','renata.georgiou419@example.com','+33-03-97-09-52',419,3199),(600916,'2025-02-06','13:15:00','youssef.nowak162@example.com','+44-30-48-06-36',162,3199),(600917,'2025-05-07','22:30:00','charlotte.robert449@example.com','+212-45-36-84-33',449,3199),(600918,'2025-04-23','15:00:00','zain.rossi305@example.com','+212-60-75-24-91',305,3199),(600919,'2025-02-09','22:00:00','zain.zhao302@example.com','+213-56-43-40-03',302,3199),(600920,'2025-02-04','21:45:00','adam.russo358@example.com','+1-04-67-11-63',358,3200),(600921,'2025-03-30','18:45:00','wei.sokolov428@example.com','+90-10-36-11-65',428,3200),(600922,'2025-03-24','14:45:00','mark.perez403@example.com','+49-84-03-79-30',403,3200),(600923,'2025-01-14','08:45:00','isabella.li58@example.com','+974-34-74-96-43',58,3200),(600924,'2025-04-10','14:15:00','elias.johnson393@example.com','+44-60-33-86-40',393,3200),(600925,'2025-04-21','11:30:00','sonia.khalil890@example.com','+34-35-68-67-83',890,3200),(600926,'2025-03-22','21:15:00','yara.laurent975@example.com','+44-92-42-31-20',975,3201),(600927,'2025-04-02','12:00:00','ming.bernard97@example.com','+44-18-54-41-32',97,3201),(600928,'2025-05-08','21:30:00','olga.costa219@example.com','+27-87-00-66-28',219,3201),(600929,'2025-02-10','17:45:00','noah.durand177@example.com','+27-71-65-35-86',177,3201),(600930,'2025-04-25','19:00:00','olga.larsen826@example.com','+49-62-43-58-39',826,3201),(600931,'2025-03-22','17:45:00','aiko.lopez791@example.com','+216-78-92-69-43',791,3201),(600932,'2025-04-29','20:45:00','amina.nguyen652@example.com','+41-79-02-22-75',652,3201),(600933,'2025-02-27','20:30:00','nadia.thomas978@example.com','+971-78-55-29-07',978,3202),(600934,'2025-04-13','12:00:00','ben.simon425@example.com','+20-18-58-05-59',425,3202),(600935,'2025-02-13','11:30:00','chloé.papadopoulos889@example.com','+213-19-10-81-42',889,3202),(600936,'2025-04-23','14:30:00','wei.moreau200@example.com','+20-45-31-90-43',200,3202),(600937,'2025-01-27','09:00:00','arjun.li307@example.com','+213-96-01-00-82',307,3202),(600938,'2025-03-19','09:30:00','adam.petrov866@example.com','+39-47-82-96-33',866,3202),(600939,'2025-03-27','09:00:00','jade.smith610@example.com','+49-95-74-90-49',610,3203),(600940,'2025-05-17','12:45:00','youssef.greco602@example.com','+33-88-42-28-63',602,3203),(600941,'2025-02-28','14:15:00','yara.lam691@example.com','+974-13-99-22-49',691,3203),(600942,'2025-01-26','08:45:00','petra.murphy344@example.com','+44-00-99-08-34',344,3203),(600943,'2025-05-21','10:30:00','ines.ito876@example.com','+44-39-63-18-82',876,3203),(600944,'2025-01-31','17:45:00','yara.nowak439@example.com','+216-27-78-79-92',439,3203),(600945,'2025-04-22','09:30:00','noah.khalil417@example.com','+34-78-17-17-70',417,3204),(600946,'2025-03-06','13:00:00','fatima.yamamoto421@example.com','+1-38-12-33-82',421,3204),(600947,'2025-04-28','19:30:00','fatima.martin211@example.com','+971-84-24-43-21',211,3204),(600948,'2025-05-03','17:45:00','nikolai.miller538@example.com','+213-45-81-52-61',538,3204),(600949,'2025-03-23','12:30:00','ivan.nguyen792@example.com','+20-84-37-18-09',792,3204),(600950,'2025-05-19','17:00:00','james.nguyen726@example.com','+216-18-65-07-72',726,3204),(600951,'2025-05-14','20:30:00','ewa.perez765@example.com','+213-30-01-06-04',765,3205),(600952,'2025-05-17','12:00:00','yara.nowak439@example.com','+216-27-78-79-92',439,3205),(600953,'2025-06-11','16:00:00','khalid.ivanov257@example.com','+1-97-13-33-03',257,3205),(600954,'2025-04-03','09:15:00','ming.brown223@example.com','+974-76-90-02-43',223,3205),(600955,'2025-03-28','12:00:00','emma.khan249@example.com','+39-37-69-80-67',249,3205),(600956,'2025-05-22','19:00:00','hana.thomas191@example.com','+44-85-47-68-42',191,3205),(600957,'2025-04-12','22:00:00','sonia.sato654@example.com','+974-75-29-18-73',654,3205),(600958,'2025-04-21','20:45:00','petra.gonzalez352@example.com','+90-48-36-88-64',352,3206),(600959,'2025-03-02','17:30:00','nikolai.santos444@example.com','+27-61-01-88-66',444,3206),(600960,'2025-04-28','14:15:00','wei.larsen15@example.com','+213-56-27-67-40',15,3206),(600961,'2025-04-05','09:45:00','olivia.garcia831@example.com','+1-61-52-86-85',831,3206),(600962,'2025-05-13','08:00:00','manon.kowalski808@example.com','+90-22-59-91-73',808,3206),(600963,'2025-02-28','09:00:00','aiko.robert159@example.com','+27-63-34-56-73',159,3206),(600964,'2025-04-17','17:45:00','erik.jones830@example.com','+44-58-39-02-26',830,3207),(600965,'2025-03-13','13:00:00','sonia.korhonen727@example.com','+33-06-05-49-94',727,3207),(600966,'2025-05-08','09:15:00','ibrahim.nowak754@example.com','+49-64-31-06-66',754,3207),(600967,'2025-05-09','15:15:00','emily.oliveira847@example.com','+33-37-97-16-74',847,3207),(600968,'2025-06-07','17:15:00','andre.ferrari383@example.com','+44-91-40-52-75',383,3207),(600969,'2025-06-02','11:15:00','ava.garcia126@example.com','+33-84-20-37-42',126,3207),(600970,'2025-04-04','08:15:00','raphael.simon795@example.com','+213-52-19-74-34',795,3208),(600971,'2025-03-29','14:30:00','ewa.novak318@example.com','+49-07-07-39-36',318,3208),(600972,'2025-05-19','17:45:00','andre.ferrari383@example.com','+44-91-40-52-75',383,3208),(600973,'2025-05-18','09:00:00','pierre.kowalski653@example.com','+213-09-33-31-41',653,3208),(600974,'2025-05-07','11:45:00','camila.khan46@example.com','+27-12-07-75-61',46,3208),(600975,'2025-06-21','22:15:00','amelia.kobayashi41@example.com','+1-69-51-94-13',41,3208),(600976,'2025-03-18','10:00:00','ibrahim.nowak754@example.com','+49-64-31-06-66',754,3208),(600977,'2025-03-29','21:30:00','priya.popa98@example.com','+351-35-29-79-45',98,3208),(600978,'2025-06-24','10:15:00','manon.lam81@example.com','+1-69-46-38-30',81,3208),(600979,'2025-03-15','14:15:00','anna.simon341@example.com','+27-12-68-73-07',341,3208),(600980,'2025-06-30','17:45:00','kamil.robert627@example.com','+212-68-53-27-56',627,3208),(600981,'2025-05-16','21:45:00','david.benali286@example.com','+27-75-81-59-68',286,3208),(600982,'2025-03-22','12:45:00','amelia.kobayashi41@example.com','+1-69-51-94-13',41,3208),(600983,'2025-04-04','19:30:00','anika.tran612@example.com','+90-39-64-11-81',612,3208),(600984,'2025-06-05','21:30:00','olga.durand587@example.com','+1-59-31-00-59',587,3208),(600985,'2025-06-13','22:15:00','arthur.yamamoto323@example.com','+44-25-52-88-00',323,3208),(600986,'2025-03-23','10:00:00','ben.durand958@example.com','+971-09-71-33-46',958,3208),(600987,'2025-05-03','13:45:00','elena.tran110@example.com','+971-71-96-05-40',110,3208),(600988,'2025-04-14','09:00:00','arjun.lam129@example.com','+974-34-32-20-38',129,3208),(600989,'2025-05-23','11:30:00','david.popov261@example.com','+41-33-40-04-09',261,3209),(600990,'2025-06-18','10:00:00','camila.kobayashi39@example.com','+41-57-32-18-45',39,3209),(600991,'2025-04-24','19:45:00','minji.johnson589@example.com','+27-68-26-37-09',589,3209),(600992,'2025-05-09','09:45:00','daniel.li817@example.com','+351-00-84-54-28',817,3209),(600993,'2025-06-16','20:30:00','thomas.martin13@example.com','+1-10-58-80-35',13,3209),(600994,'2025-06-16','10:00:00','aiko.robert159@example.com','+27-63-34-56-73',159,3209),(600995,'2025-04-20','12:00:00','sven.johnson716@example.com','+49-10-78-60-98',716,3210),(600996,'2025-06-18','08:30:00','daniel.williams30@example.com','+41-60-44-64-10',30,3210),(600997,'2025-07-06','20:30:00','noura.choi28@example.com','+213-89-91-31-22',28,3210),(600998,'2025-06-08','21:00:00','aya.nowak606@example.com','+971-18-54-28-30',606,3210),(600999,'2025-05-03','08:45:00','marta.brown953@example.com','+90-25-32-74-08',953,3210),(601000,'2025-06-03','18:45:00','igor.zhang111@example.com','+971-27-65-44-65',111,3210),(601001,'2025-07-10','13:30:00','mia.khalil65@example.com','+44-85-99-81-07',65,3211),(601002,'2025-05-17','19:45:00','ibrahim.benali696@example.com','+33-12-11-91-87',696,3211),(601003,'2025-07-04','14:00:00','james.costa108@example.com','+39-47-98-61-86',108,3211),(601004,'2025-06-02','09:45:00','ewa.jensen748@example.com','+212-06-16-43-83',748,3211),(601005,'2025-04-27','22:15:00','chloé.popa348@example.com','+39-02-06-47-14',348,3211),(601006,'2025-05-25','20:30:00','sven.kobayashi91@example.com','+971-27-46-19-50',91,3211),(601007,'2025-05-29','08:15:00','william.nguyen280@example.com','+216-51-47-87-50',280,3211),(601008,'2025-06-21','14:15:00','nina.ito34@example.com','+33-06-96-70-68',34,3211),(601009,'2025-04-06','16:45:00','charlotte.petrov756@example.com','+33-39-19-32-44',756,3211),(601010,'2025-03-23','10:45:00','elias.davis617@example.com','+20-89-45-47-92',617,3211),(601011,'2025-05-01','19:00:00','kamil.korhonen744@example.com','+41-99-78-74-46',744,3211),(601012,'2025-05-23','16:45:00','gabriel.murphy330@example.com','+216-11-82-25-29',330,3211),(601013,'2025-06-15','09:00:00','sven.zhang940@example.com','+90-02-85-81-38',940,3211),(601014,'2025-07-14','18:00:00','amelia.richard908@example.com','+1-92-51-62-99',908,3211),(601015,'2025-06-16','17:00:00','pablo.mansour735@example.com','+27-29-04-76-63',735,3211),(601016,'2025-05-09','16:00:00','aiko.lopez791@example.com','+216-78-92-69-43',791,3211),(601017,'2025-05-15','21:00:00','joon.robert668@example.com','+1-38-24-19-13',668,3211),(601018,'2025-06-14','08:45:00','gabriel.ivanov475@example.com','+351-81-60-50-69',475,3211),(601019,'2025-07-13','17:00:00','layla.khalil607@example.com','+20-51-04-26-04',607,3211),(601020,'2025-04-24','14:45:00','david.martin452@example.com','+34-56-41-38-29',452,3211),(601021,'2025-06-16','08:00:00','ibrahim.thomas32@example.com','+351-40-59-23-79',32,3211),(601022,'2025-05-29','22:15:00','elias.khalil468@example.com','+1-82-81-66-74',468,3211),(601023,'2025-07-10','11:45:00','pierre.zhang227@example.com','+1-06-53-44-89',227,3211),(601024,'2025-06-18','22:15:00','neha.kim23@example.com','+44-80-43-38-71',23,3212),(601025,'2025-06-22','20:15:00','daria.chen843@example.com','+34-49-33-11-24',843,3212),(601026,'2025-05-16','19:30:00','pierre.johnson863@example.com','+49-01-48-50-29',863,3212),(601027,'2025-04-14','09:30:00','amelia.simon608@example.com','+34-99-70-87-47',608,3212),(601028,'2025-05-17','12:30:00','fatima.martin211@example.com','+971-84-24-43-21',211,3212),(601029,'2025-05-11','14:45:00','ivan.nguyen792@example.com','+20-84-37-18-09',792,3212),(601030,'2025-07-13','19:00:00','zoé.thomas702@example.com','+1-26-64-09-31',702,3213),(601031,'2025-04-12','18:00:00','tiago.nowak907@example.com','+33-80-47-17-55',907,3213),(601032,'2025-06-28','15:15:00','wei.kowalski688@example.com','+33-50-63-70-37',688,3213),(601033,'2025-06-18','16:30:00','adam.russo358@example.com','+1-04-67-11-63',358,3213),(601034,'2025-05-27','20:00:00','ming.perez409@example.com','+39-82-54-25-41',409,3213),(601035,'2025-07-18','08:45:00','julien.petrov109@example.com','+216-77-74-26-91',109,3213),(601036,'2025-07-18','11:15:00','emma.martinez767@example.com','+971-38-10-90-81',767,3213),(601037,'2025-06-21','18:00:00','anna.rodriguez368@example.com','+41-24-97-32-31',368,3213),(601038,'2025-07-17','13:15:00','chloé.johnson942@example.com','+351-44-13-98-73',942,3213),(601039,'2025-05-25','21:45:00','diego.hussain190@example.com','+34-46-74-01-52',190,3213),(601040,'2025-06-14','15:15:00','ravi.dubois619@example.com','+971-31-14-55-36',619,3213),(601041,'2025-07-22','22:45:00','isabella.larsen812@example.com','+41-23-71-14-01',812,3213),(601042,'2025-07-27','13:00:00','yuki.tanaka429@example.com','+213-20-07-20-11',429,3213),(601043,'2025-07-11','11:00:00','gabriel.ivanov475@example.com','+351-81-60-50-69',475,3213),(601044,'2025-06-03','15:30:00','ivan.santos114@example.com','+39-22-58-10-71',114,3213),(601045,'2025-05-06','19:30:00','adam.chen577@example.com','+974-13-89-11-50',577,3213),(601046,'2025-06-27','14:30:00','seojun.oliveira209@example.com','+90-98-55-24-77',209,3213),(601047,'2025-04-12','08:30:00','elena.tran110@example.com','+971-71-96-05-40',110,3213),(601048,'2025-07-16','12:15:00','sven.haddad2@example.com','+351-36-33-40-87',2,3213),(601049,'2025-06-27','12:30:00','erik.virtanen951@example.com','+20-59-95-39-54',951,3213),(601050,'2025-07-26','10:45:00','daniel.yamamoto523@example.com','+34-80-63-31-77',523,3213),(601051,'2025-06-17','19:00:00','gabriel.davis218@example.com','+39-45-63-66-17',218,3213),(601052,'2025-08-07','22:45:00','lan.martinez385@example.com','+34-74-05-08-82',385,3213),(601053,'2025-05-22','14:15:00','amelia.perez833@example.com','+44-13-15-51-70',833,3213),(601054,'2025-06-17','11:15:00','karim.zhang704@example.com','+216-30-29-03-01',704,3213),(601055,'2025-04-19','12:30:00','jade.richard467@example.com','+41-52-42-34-99',467,3213),(601056,'2025-05-19','14:45:00','elena.perez21@example.com','+33-30-39-07-25',21,3213),(601057,'2025-08-07','22:15:00','charlotte.miller839@example.com','+33-55-49-54-69',839,3213),(601058,'2025-04-29','22:15:00','minji.conti898@example.com','+49-84-51-14-22',898,3214),(601059,'2025-05-06','19:00:00','elena.andersson881@example.com','+974-73-73-71-74',881,3214),(601060,'2025-07-05','19:30:00','sonia.petrov571@example.com','+33-14-12-08-75',571,3215),(601061,'2025-06-29','12:30:00','tiago.popov661@example.com','+351-90-60-52-64',661,3215),(601062,'2025-08-13','16:00:00','marek.durand581@example.com','+1-60-55-09-23',581,3215),(601063,'2025-07-13','14:45:00','sofia.rodriguez814@example.com','+49-58-27-78-12',814,3215),(601064,'2025-05-18','11:00:00','hana.ionescu10@example.com','+33-86-24-18-04',10,3215),(601065,'2025-07-22','09:30:00','pierre.simon171@example.com','+1-50-74-76-21',171,3215),(601066,'2025-05-30','12:15:00','luca.bernard829@example.com','+27-38-09-16-99',829,3215),(601067,'2025-08-05','22:00:00','seojun.tanaka369@example.com','+90-68-41-22-70',369,3216),(601068,'2025-06-11','20:00:00','petra.tran356@example.com','+212-05-08-46-50',356,3216),(601069,'2025-07-31','12:00:00','fatima.martin743@example.com','+20-79-53-31-28',743,3216),(601070,'2025-05-07','11:00:00','zain.nielsen69@example.com','+213-60-32-34-00',69,3216),(601071,'2025-08-13','10:15:00','hana.thomas191@example.com','+44-85-47-68-42',191,3216),(601072,'2025-05-22','18:45:00','george.davis897@example.com','+49-21-80-99-03',897,3216),(601073,'2025-05-26','20:15:00','khalid.mansour912@example.com','+971-04-29-58-15',912,3217),(601074,'2025-04-28','19:30:00','ines.ito876@example.com','+44-39-63-18-82',876,3217),(601075,'2025-07-19','11:15:00','amelia.moreau550@example.com','+49-74-41-17-52',550,3217),(601076,'2025-06-25','21:00:00','gabriel.davis862@example.com','+216-76-60-33-16',862,3217),(601077,'2025-06-18','12:00:00','elena.perez21@example.com','+33-30-39-07-25',21,3217),(601078,'2025-06-13','11:00:00','william.oliveira588@example.com','+20-52-92-30-26',588,3217),(601079,'2025-07-15','19:00:00','yara.lam691@example.com','+974-13-99-22-49',691,3218),(601080,'2025-07-21','14:15:00','isabella.khan663@example.com','+1-26-87-97-22',663,3218),(601081,'2025-07-19','11:30:00','minji.miller335@example.com','+44-81-78-39-91',335,3218),(601082,'2025-06-22','08:00:00','camila.brown916@example.com','+20-09-33-71-94',916,3218),(601083,'2025-08-11','18:15:00','elena.rodriguez96@example.com','+974-05-59-81-13',96,3218),(601084,'2025-07-18','20:15:00','julien.virtanen857@example.com','+213-59-53-17-48',857,3218),(601085,'2025-06-17','19:45:00','amelia.rodriguez35@example.com','+49-73-49-73-59',35,3219),(601086,'2025-07-14','22:45:00','zain.papadopoulos946@example.com','+971-46-16-34-16',946,3219),(601087,'2025-07-03','21:45:00','chloé.martinez929@example.com','+1-47-75-52-34',929,3219),(601088,'2025-05-06','21:15:00','tiago.russo464@example.com','+34-55-07-68-80',464,3219),(601089,'2025-07-04','11:15:00','sonia.sato654@example.com','+974-75-29-18-73',654,3219),(601090,'2025-06-01','09:15:00','hugo.williams134@example.com','+212-01-20-47-75',134,3219),(601091,'2025-08-19','14:15:00','olga.durand587@example.com','+1-59-31-00-59',587,3220),(601092,'2025-05-30','09:45:00','sven.kobayashi91@example.com','+971-27-46-19-50',91,3221),(601093,'2025-05-31','22:15:00','ivan.brown290@example.com','+39-00-07-05-78',290,3221),(601094,'2025-07-16','09:00:00','julien.ferrari378@example.com','+39-02-45-46-72',378,3221),(601095,'2025-07-02','13:00:00','jade.lam105@example.com','+27-78-80-43-19',105,3222),(601096,'2025-06-21','14:30:00','haruto.horvat401@example.com','+44-50-39-11-02',401,3222),(601097,'2025-08-30','18:45:00','ibrahim.benali696@example.com','+33-12-11-91-87',696,3222),(601098,'2025-08-26','20:15:00','zoé.thomas702@example.com','+1-26-64-09-31',702,3222),(601099,'2025-08-21','13:15:00','ibrahim.li173@example.com','+41-19-42-77-87',173,3222),(601100,'2025-06-11','19:00:00','sonia.choi902@example.com','+351-02-26-91-88',902,3222),(601101,'2025-08-11','14:00:00','ravi.popov44@example.com','+216-73-11-31-01',44,3222),(601102,'2025-06-03','10:30:00','salma.oliveira714@example.com','+39-61-12-65-08',714,3222),(601103,'2025-08-30','08:00:00','daria.chen843@example.com','+34-49-33-11-24',843,3223),(601104,'2025-05-17','22:45:00','ravi.ferrari45@example.com','+20-41-51-30-53',45,3223),(601105,'2025-05-23','22:45:00','adam.russo496@example.com','+213-19-32-44-95',496,3223),(601106,'2025-08-10','19:30:00','igor.zhang111@example.com','+971-27-65-44-65',111,3223),(601107,'2025-07-25','21:00:00','minji.yamamoto736@example.com','+1-17-38-39-36',736,3223),(601108,'2025-08-30','16:45:00','hugo.williams134@example.com','+212-01-20-47-75',134,3223),(601109,'2025-07-09','12:45:00','sara.martin354@example.com','+34-26-97-24-03',354,3223),(601110,'2025-07-19','11:15:00','andre.yamamoto196@example.com','+90-70-03-92-21',196,3224),(601111,'2025-08-20','11:30:00','aiko.johnson325@example.com','+351-70-02-91-09',325,3224),(601112,'2025-06-17','14:45:00','ivan.santos114@example.com','+39-22-58-10-71',114,3224),(601113,'2025-07-12','22:15:00','lea.larsen819@example.com','+34-99-84-09-20',819,3224),(601114,'2025-05-23','20:00:00','ewa.zhao854@example.com','+49-44-11-24-03',854,3224),(601115,'2025-06-24','09:15:00','andre.popov823@example.com','+39-52-54-01-91',823,3224),(601116,'2025-06-14','10:30:00','khalid.oliveira997@example.com','+41-29-33-71-21',997,3225),(601117,'2025-06-21','15:45:00','marek.durand581@example.com','+1-60-55-09-23',581,3225),(601118,'2025-05-30','18:45:00','aiko.robert159@example.com','+27-63-34-56-73',159,3225),(601119,'2025-09-17','21:45:00','giulia.kobayashi122@example.com','+351-61-05-92-91',122,3225),(601120,'2025-07-05','09:30:00','charlotte.laurent244@example.com','+90-82-34-52-04',244,3225),(601121,'2025-07-23','19:30:00','thomas.bernard720@example.com','+27-16-03-00-35',720,3225),(601122,'2025-06-03','17:45:00','ben.rossi675@example.com','+44-10-87-84-32',675,3226),(601123,'2025-06-08','19:15:00','neha.johnson154@example.com','+213-91-85-17-05',154,3226),(601124,'2025-06-27','17:30:00','minji.pereira513@example.com','+212-84-81-35-62',513,3226),(601125,'2025-08-13','15:00:00','amelia.greco684@example.com','+20-86-69-19-16',684,3226),(601126,'2025-09-22','21:30:00','victoria.nguyen974@example.com','+212-63-71-28-56',974,3226),(601127,'2025-07-25','17:30:00','igor.sokolov480@example.com','+213-45-96-82-54',480,3226),(601128,'2025-08-21','13:45:00','ava.garcia126@example.com','+33-84-20-37-42',126,3226),(601129,'2025-08-30','11:45:00','tiago.horvat604@example.com','+44-81-89-80-93',604,3227),(601130,'2025-07-20','12:45:00','anika.korhonen699@example.com','+1-85-59-01-50',699,3227),(601131,'2025-06-16','22:30:00','camila.brown916@example.com','+20-09-33-71-94',916,3227),(601132,'2025-07-08','22:15:00','omar.murphy252@example.com','+41-57-14-67-79',252,3227),(601133,'2025-08-22','22:00:00','ibrahim.wang107@example.com','+351-98-65-98-53',107,3227),(601134,'2025-07-23','09:15:00','daniel.yamamoto523@example.com','+34-80-63-31-77',523,3227),(601135,'2025-09-22','10:45:00','lea.khalil241@example.com','+41-46-77-67-44',241,3227),(601136,'2025-09-15','11:45:00','neha.hussain531@example.com','+44-15-66-48-36',531,3227),(601137,'2025-07-11','15:45:00','ben.rossi675@example.com','+44-10-87-84-32',675,3227),(601138,'2025-06-14','14:15:00','hugo.khalil451@example.com','+212-36-25-67-94',451,3227),(601139,'2025-08-13','21:45:00','ibrahim.nowak754@example.com','+49-64-31-06-66',754,3227),(601140,'2025-06-19','16:15:00','hugo.davis534@example.com','+49-43-61-93-20',534,3227),(601141,'2025-08-11','11:00:00','william.benali775@example.com','+39-49-88-20-85',775,3227),(601142,'2025-07-02','08:30:00','karim.zhang704@example.com','+216-30-29-03-01',704,3227),(601143,'2025-09-24','18:30:00','pablo.garcia127@example.com','+41-40-35-27-60',127,3227),(601144,'2025-08-02','18:45:00','noura.robert274@example.com','+34-84-68-39-71',274,3227),(601145,'2025-06-05','19:45:00','nikolai.nguyen486@example.com','+34-90-74-89-61',486,3227),(601146,'2025-08-26','12:45:00','mia.garcia303@example.com','+44-85-67-87-69',303,3227),(601147,'2025-08-17','13:30:00','youssef.smith526@example.com','+39-22-22-20-50',526,3227),(601148,'2025-07-18','18:00:00','petra.obrien541@example.com','+44-59-89-38-99',541,3227),(601149,'2025-07-31','20:45:00','seojun.tanaka369@example.com','+90-68-41-22-70',369,3227),(601150,'2025-08-11','17:00:00','petra.novak308@example.com','+90-50-91-85-97',308,3227),(601151,'2025-09-23','12:15:00','nina.ito34@example.com','+33-06-96-70-68',34,3228),(601152,'2025-06-11','22:15:00','wei.andersson157@example.com','+41-53-35-27-52',157,3228),(601153,'2025-09-03','15:15:00','sofia.rodriguez814@example.com','+49-58-27-78-12',814,3228),(601154,'2025-06-23','12:30:00','david.silva642@example.com','+971-40-81-59-00',642,3228),(601155,'2025-06-26','21:30:00','olivia.zhang402@example.com','+39-40-81-15-21',402,3228),(601156,'2025-09-12','10:00:00','beatriz.andersson741@example.com','+213-92-85-18-23',741,3228),(601157,'2025-08-18','16:30:00','henry.zhang785@example.com','+33-83-54-05-56',785,3228),(601158,'2025-07-13','17:00:00','yara.ferrari820@example.com','+20-87-76-07-96',820,3228),(601159,'2025-08-25','12:00:00','ravi.pereira485@example.com','+971-24-55-07-17',485,3228),(601160,'2025-07-11','22:30:00','renata.larsen729@example.com','+351-59-20-40-63',729,3228),(601161,'2025-09-29','21:45:00','beatriz.tran103@example.com','+20-07-65-41-05',103,3228),(601162,'2025-08-27','11:00:00','emma.yamamoto747@example.com','+20-46-48-55-14',747,3228),(601163,'2025-08-28','22:45:00','arthur.sanchez806@example.com','+1-23-29-69-82',806,3228),(601164,'2025-08-29','12:45:00','ivan.ito630@example.com','+20-60-93-13-40',630,3228),(601165,'2025-07-06','14:45:00','khalid.singh774@example.com','+351-47-81-60-57',774,3228),(601166,'2025-08-10','11:45:00','emma.tran195@example.com','+41-39-82-89-76',195,3228),(601167,'2025-09-17','18:45:00','ava.papadopoulos391@example.com','+39-41-16-65-00',391,3228),(601168,'2025-07-11','08:00:00','anika.hussain899@example.com','+20-97-51-48-10',899,3228),(601169,'2025-10-01','10:45:00','beatriz.andersson741@example.com','+213-92-85-18-23',741,3228),(601170,'2025-07-31','22:15:00','ibrahim.johnson93@example.com','+33-62-23-13-10',93,3228),(601171,'2025-08-17','21:00:00','noor.singh658@example.com','+27-10-99-10-10',658,3228),(601172,'2025-08-20','20:15:00','layla.nowak181@example.com','+213-54-21-87-80',181,3228),(601173,'2025-06-17','12:45:00','haruto.popa879@example.com','+351-44-86-99-78',879,3228),(601174,'2025-06-29','20:00:00','andre.yamamoto196@example.com','+90-70-03-92-21',196,3228),(601175,'2025-08-09','15:00:00','olga.sharma614@example.com','+34-16-26-16-42',614,3228),(601176,'2025-09-23','15:45:00','william.nguyen635@example.com','+974-82-46-58-28',635,3229),(601177,'2025-09-07','12:45:00','anika.tran612@example.com','+90-39-64-11-81',612,3229),(601178,'2025-07-13','14:00:00','elias.thomas472@example.com','+39-32-28-39-75',472,3229),(601179,'2025-07-11','14:15:00','daniel.li817@example.com','+351-00-84-54-28',817,3229),(601180,'2025-07-14','12:00:00','elena.rodriguez96@example.com','+974-05-59-81-13',96,3229),(601181,'2025-08-15','10:15:00','ava.papadopoulos391@example.com','+39-41-16-65-00',391,3229),(601182,'2025-09-30','17:15:00','seojun.miller626@example.com','+20-96-14-69-33',626,3229),(601183,'2025-08-31','08:45:00','victoria.zhang362@example.com','+39-05-28-69-69',362,3230),(601184,'2025-10-02','14:30:00','raphael.davis306@example.com','+39-32-18-96-15',306,3230),(601185,'2025-08-01','09:30:00','diego.pereira248@example.com','+216-76-02-55-54',248,3230),(601186,'2025-09-19','19:30:00','haruto.popa879@example.com','+351-44-86-99-78',879,3230),(601187,'2025-07-18','13:30:00','igor.johnson960@example.com','+27-14-91-39-95',960,3230),(601188,'2025-09-20','15:00:00','mark.kim933@example.com','+90-49-09-68-18',933,3230),(601189,'2025-06-22','11:00:00','petra.khalil930@example.com','+39-63-47-62-87',930,3231),(601190,'2025-09-06','11:15:00','diego.pereira248@example.com','+216-76-02-55-54',248,3231),(601191,'2025-07-09','19:45:00','emma.ahmed753@example.com','+90-94-97-76-64',753,3231),(601192,'2025-06-28','11:00:00','hugo.santos436@example.com','+33-94-19-24-53',436,3231),(601193,'2025-08-08','08:45:00','neha.greco75@example.com','+971-79-00-03-01',75,3231),(601194,'2025-08-22','15:00:00','pierre.simon171@example.com','+1-50-74-76-21',171,3231),(601195,'2025-10-06','17:30:00','ethan.sharma25@example.com','+974-13-69-94-83',25,3232),(601196,'2025-09-10','18:30:00','tiago.horvat604@example.com','+44-81-89-80-93',604,3232),(601197,'2025-09-17','19:15:00','wei.larsen15@example.com','+213-56-27-67-40',15,3232),(601198,'2025-08-25','11:15:00','sonia.petrov571@example.com','+33-14-12-08-75',571,3232),(601199,'2025-10-08','21:30:00','sara.davis389@example.com','+49-00-83-41-79',389,3232),(601200,'2025-09-16','14:45:00','haruto.zhang800@example.com','+971-06-26-00-48',800,3232),(601201,'2025-09-06','17:45:00','marek.johnson611@example.com','+90-16-73-00-54',611,3233),(601202,'2025-09-27','17:15:00','petra.jensen125@example.com','+33-71-55-93-63',125,3233),(601203,'2025-09-19','20:45:00','emily.nielsen989@example.com','+212-61-43-78-90',989,3233),(601204,'2025-08-21','11:30:00','andre.smith4@example.com','+44-61-76-71-76',4,3233),(601205,'2025-08-22','13:15:00','wei.popa733@example.com','+213-80-84-74-39',733,3233),(601206,'2025-09-22','09:30:00','daria.hussain728@example.com','+44-86-91-40-32',728,3233),(601207,'2025-08-07','15:30:00','daria.ionescu193@example.com','+41-51-90-10-23',193,3234),(601208,'2025-07-18','16:15:00','raphael.martinez6@example.com','+49-54-21-77-65',6,3234),(601209,'2025-08-01','19:00:00','gabriel.sokolov406@example.com','+20-57-45-05-02',406,3234),(601210,'2025-07-21','16:45:00','chloé.papadopoulos889@example.com','+213-19-10-81-42',889,3234),(601211,'2025-07-22','10:15:00','marta.costa679@example.com','+33-85-44-05-76',679,3234),(601212,'2025-07-11','18:30:00','seojun.tanaka369@example.com','+90-68-41-22-70',369,3234),(601213,'2025-07-07','19:15:00','camila.brown916@example.com','+20-09-33-71-94',916,3234),(601214,'2025-07-28','17:30:00','noah.oliveira628@example.com','+216-70-71-50-11',628,3235),(601215,'2025-07-22','17:15:00','ewa.li948@example.com','+213-12-16-91-34',948,3235),(601216,'2025-09-23','11:45:00','diego.brown5@example.com','+213-75-07-44-07',5,3235),(601217,'2025-09-02','12:30:00','ravi.laurent118@example.com','+216-35-63-84-20',118,3235),(601218,'2025-10-04','12:45:00','aiko.robert159@example.com','+27-63-34-56-73',159,3235),(601219,'2025-09-29','10:00:00','tiago.jones757@example.com','+351-57-70-78-16',757,3235),(601220,'2025-07-21','12:45:00','anika.horvat216@example.com','+27-12-97-26-78',216,3235),(601221,'2025-10-06','08:45:00','seojun.kim128@example.com','+33-25-24-98-05',128,3236),(601222,'2025-09-10','14:30:00','chloé.johnson942@example.com','+351-44-13-98-73',942,3236),(601223,'2025-10-12','15:15:00','liam.papadopoulos68@example.com','+90-94-73-29-95',68,3236),(601224,'2025-09-11','22:00:00','haruto.ferrari113@example.com','+971-29-65-93-44',113,3236),(601225,'2025-09-15','13:15:00','jade.tran616@example.com','+27-68-59-70-45',616,3236),(601226,'2025-10-07','14:30:00','igor.horvat707@example.com','+1-25-02-92-54',707,3236),(601227,'2025-08-24','11:30:00','olivia.jones376@example.com','+39-43-95-64-62',376,3237),(601228,'2025-09-02','09:30:00','henry.robert982@example.com','+34-44-45-20-71',982,3237),(601229,'2025-09-06','21:45:00','khalid.davis74@example.com','+33-55-94-65-49',74,3237),(601230,'2025-10-17','13:00:00','layla.wang388@example.com','+971-17-64-85-66',388,3237),(601231,'2025-08-12','12:00:00','anika.tran612@example.com','+90-39-64-11-81',612,3237),(601232,'2025-09-06','16:00:00','ibrahim.thomas32@example.com','+351-40-59-23-79',32,3237),(601233,'2025-07-29','21:15:00','erik.santos853@example.com','+974-57-69-87-78',853,3238),(601234,'2025-08-22','12:15:00','liam.papadopoulos68@example.com','+90-94-73-29-95',68,3238),(601235,'2025-09-14','19:00:00','ewa.davis182@example.com','+216-12-68-77-80',182,3238),(601236,'2025-08-10','15:15:00','lucas.nguyen683@example.com','+27-43-62-99-46',683,3238),(601237,'2025-09-28','16:30:00','salma.russo346@example.com','+1-63-86-42-45',346,3238),(601238,'2025-08-05','13:15:00','raphael.novak804@example.com','+20-16-65-96-22',804,3238),(601239,'2025-10-16','09:30:00','pablo.zhang230@example.com','+27-60-75-46-75',230,3239),(601240,'2025-09-01','11:15:00','henry.pereira16@example.com','+41-43-61-25-84',16,3239),(601241,'2025-10-17','13:45:00','youssef.horvat83@example.com','+44-13-98-83-71',83,3239),(601242,'2025-08-12','09:00:00','haruto.park935@example.com','+212-08-17-72-06',935,3239),(601243,'2025-08-09','11:00:00','chloé.andersson882@example.com','+90-57-06-00-43',882,3239),(601244,'2025-08-12','18:15:00','isabella.khalil718@example.com','+27-19-67-98-87',718,3239),(601245,'2025-07-21','13:30:00','ben.santos228@example.com','+49-53-39-46-44',228,3240),(601246,'2025-08-31','17:30:00','sofia.rodriguez814@example.com','+49-58-27-78-12',814,3240),(601247,'2025-10-18','11:30:00','ravi.yamamoto805@example.com','+213-59-33-58-95',805,3240),(601248,'2025-11-11','15:30:00','layla.park149@example.com','+212-85-93-90-33',149,3240),(601249,'2025-10-06','13:45:00','mark.silva811@example.com','+27-75-64-23-77',811,3240),(601250,'2025-07-29','22:15:00','isabella.andersson968@example.com','+34-11-34-26-22',968,3240),(601251,'2025-09-14','16:00:00','wei.larsen15@example.com','+213-56-27-67-40',15,3241),(601252,'2025-08-06','18:15:00','tiago.jones980@example.com','+34-24-28-97-38',980,3241),(601253,'2025-10-26','15:15:00','elias.sokolov801@example.com','+971-35-27-07-70',801,3241),(601254,'2025-10-24','08:15:00','elena.perez404@example.com','+971-01-76-38-41',404,3241),(601255,'2025-07-21','16:00:00','pierre.kowalski653@example.com','+213-09-33-31-41',653,3241),(601256,'2025-07-25','19:45:00','luca.durand690@example.com','+212-49-21-81-75',690,3241),(601257,'2025-10-19','17:45:00','petra.rodriguez18@example.com','+216-07-45-51-68',18,3242),(601258,'2025-09-24','08:00:00','julien.virtanen857@example.com','+213-59-53-17-48',857,3242),(601259,'2025-09-26','14:30:00','elena.perez21@example.com','+33-30-39-07-25',21,3242),(601260,'2025-11-07','15:45:00','noor.obrien542@example.com','+216-17-06-99-49',542,3242),(601261,'2025-11-14','15:00:00','zoé.ferrari185@example.com','+27-97-17-96-98',185,3242),(601262,'2025-10-23','22:30:00','noor.dubois204@example.com','+1-18-70-84-13',204,3242),(601263,'2025-09-13','19:15:00','fatima.ionescu208@example.com','+33-38-41-27-56',208,3243),(601264,'2025-08-14','13:00:00','nina.benali932@example.com','+49-80-23-50-84',932,3243),(601265,'2025-08-01','17:00:00','jade.ferrari240@example.com','+971-86-09-51-00',240,3243),(601266,'2025-07-30','15:00:00','salma.larsen478@example.com','+971-46-09-11-79',478,3244),(601267,'2025-09-10','10:30:00','zoé.tran242@example.com','+27-74-90-60-17',242,3244),(601268,'2025-10-19','17:45:00','thomas.bernard720@example.com','+27-16-03-00-35',720,3244),(601269,'2025-08-21','14:30:00','ava.papadopoulos391@example.com','+39-41-16-65-00',391,3244),(601270,'2025-08-13','09:00:00','fatima.yamamoto421@example.com','+1-38-12-33-82',421,3244),(601271,'2025-07-27','22:30:00','tiago.garcia784@example.com','+27-48-91-20-20',784,3244),(601272,'2025-09-04','10:00:00','sara.lam71@example.com','+351-63-70-31-94',71,3244),(601273,'2025-09-29','20:30:00','lea.haddad345@example.com','+213-26-37-97-36',345,3245),(601274,'2025-10-03','11:15:00','haruto.zhao338@example.com','+90-91-81-05-82',338,3245),(601275,'2025-11-19','11:00:00','ben.ivanov142@example.com','+213-21-17-12-19',142,3245),(601276,'2025-11-08','13:15:00','emma.williams420@example.com','+49-25-40-79-98',420,3245),(601277,'2025-08-22','15:00:00','amina.nguyen652@example.com','+41-79-02-22-75',652,3245),(601278,'2025-08-12','22:15:00','nina.benali932@example.com','+49-80-23-50-84',932,3245),(601279,'2025-11-22','21:45:00','pierre.simon171@example.com','+1-50-74-76-21',171,3246),(601280,'2025-10-25','10:45:00','ethan.jensen355@example.com','+90-19-94-29-95',355,3246),(601281,'2025-11-19','18:30:00','sara.gonzalez670@example.com','+974-42-48-68-08',670,3246),(601282,'2025-08-26','10:00:00','khalid.davis74@example.com','+33-55-94-65-49',74,3246),(601283,'2025-10-12','22:15:00','olga.sharma614@example.com','+34-16-26-16-42',614,3246),(601284,'2025-10-18','18:15:00','diego.park455@example.com','+44-11-54-17-70',455,3246),(601285,'2025-09-11','14:30:00','ivan.nguyen792@example.com','+20-84-37-18-09',792,3246),(601286,'2025-11-10','19:00:00','noor.ahmed207@example.com','+33-23-73-54-78',207,3247),(601287,'2025-10-28','12:30:00','emma.tran195@example.com','+41-39-82-89-76',195,3247),(601288,'2025-10-04','19:30:00','isabella.andersson968@example.com','+34-11-34-26-22',968,3247),(601289,'2025-09-01','15:30:00','petra.tran356@example.com','+212-05-08-46-50',356,3247),(601290,'2025-11-28','17:45:00','henry.jones519@example.com','+216-59-25-73-12',519,3248),(601291,'2025-08-14','11:30:00','renata.petrov36@example.com','+34-23-16-21-32',36,3248),(601292,'2025-10-13','20:45:00','hugo.zhao394@example.com','+90-73-80-97-47',394,3248),(601293,'2025-08-25','22:30:00','camila.khan46@example.com','+27-12-07-75-61',46,3248),(601294,'2025-10-30','14:30:00','hugo.novak813@example.com','+974-35-73-40-70',813,3248),(601295,'2025-09-01','22:15:00','ming.nielsen285@example.com','+20-35-00-67-51',285,3248),(601296,'2025-08-12','21:30:00','haruto.murphy267@example.com','+213-97-08-30-48',267,3248),(601297,'2025-11-13','10:30:00','layla.ivanov620@example.com','+41-54-86-55-16',620,3249),(601298,'2025-08-20','12:30:00','anika.hussain899@example.com','+20-97-51-48-10',899,3249),(601299,'2025-09-02','20:45:00','olga.larsen826@example.com','+49-62-43-58-39',826,3249),(601300,'2025-11-15','11:00:00','lea.larsen689@example.com','+216-61-30-26-66',689,3249),(601301,'2025-12-04','16:15:00','maya.rodriguez722@example.com','+41-20-39-62-83',722,3249),(601302,'2025-08-18','14:45:00','raphael.romano760@example.com','+212-61-19-69-96',760,3249),(601303,'2025-10-16','17:45:00','diego.perez972@example.com','+27-43-07-49-40',972,3250),(601304,'2025-11-03','13:00:00','arthur.yamamoto323@example.com','+44-25-52-88-00',323,3250),(601305,'2025-11-23','20:30:00','lucas.zhao536@example.com','+1-57-90-56-16',536,3250),(601306,'2025-11-03','11:00:00','renata.larsen729@example.com','+351-59-20-40-63',729,3250),(601307,'2025-10-12','09:15:00','giulia.nowak453@example.com','+971-98-13-46-53',453,3250),(601308,'2025-11-11','13:45:00','james.andersson645@example.com','+213-55-20-80-99',645,3250),(601309,'2025-09-02','22:15:00','gabriel.murphy330@example.com','+216-11-82-25-29',330,3250);
INSERT INTO Paiement(IdPaiement,DatePaiement,Montant,ModePaiement,CodeReservation) VALUES (600001,'2024-01-01',239.56,'Virement',600001),(600002,'2024-01-01',446.94,'Virement',600002),(600003,'2024-01-01',608.92,'PayPal',600003),(600004,'2024-01-01',393.55,'Virement',600004),(600005,'2024-01-01',382.95,'PayPal',600005),(600006,'2024-01-01',551.28,'PayPal',600006),(600007,'2024-01-01',286.12,'Virement',600007),(600008,'2024-01-01',209.80,'Virement',600008),(600009,'2024-01-01',282.36,'CB',600009),(600010,'2024-01-01',525.79,'Virement',600010),(600011,'2024-01-01',364.12,'Virement',600011),(600012,'2024-01-01',631.43,'CB',600012),(600013,'2024-01-01',280.99,'PayPal',600013),(600014,'2024-01-01',640.10,'CB',600014),(600015,'2024-01-01',445.68,'PayPal',600015),(600016,'2024-01-01',620.78,'Virement',600016),(600017,'2024-01-01',694.72,'CB',600017),(600018,'2024-01-01',556.30,'CB',600018),(600019,'2024-01-01',583.33,'PayPal',600019),(600020,'2024-01-01',598.57,'PayPal',600020),(600021,'2024-01-01',500.23,'Virement',600021),(600022,'2024-01-01',629.28,'PayPal',600022),(600023,'2024-01-01',278.75,'PayPal',600023),(600024,'2024-01-01',564.15,'Virement',600024),(600038,'2024-01-06',284.16,'CB',600038),(600039,'2024-01-15',290.62,'Virement',600039),(600040,'2024-01-10',638.96,'Virement',600040),(600041,'2024-01-08',598.14,'Virement',600041),(600042,'2024-01-08',420.41,'PayPal',600042),(600043,'2024-01-01',358.05,'CB',600043),(600044,'2024-01-11',575.95,'CB',600044),(600045,'2024-01-01',631.68,'PayPal',600045),(600046,'2024-01-13',507.84,'PayPal',600046),(600047,'2024-01-09',196.58,'Virement',600047),(600048,'2024-01-09',663.56,'CB',600048),(600049,'2024-01-09',201.80,'PayPal',600049),(600050,'2024-01-01',259.82,'Virement',600050),(600051,'2024-01-07',283.56,'Virement',600051),(600052,'2024-01-04',409.89,'Virement',600052),(600053,'2024-01-03',243.89,'Virement',600053),(600054,'2024-01-16',655.59,'CB',600054),(600055,'2024-01-10',334.11,'CB',600055),(600056,'2024-01-09',328.50,'PayPal',600056),(600057,'2024-01-08',438.28,'PayPal',600057),(600058,'2024-01-14',489.13,'CB',600058),(600059,'2024-01-12',378.60,'PayPal',600059),(600060,'2024-01-10',317.62,'PayPal',600060),(600061,'2024-01-15',325.71,'Virement',600061),(600062,'2024-01-11',507.40,'Virement',600062),(600063,'2024-01-14',229.12,'PayPal',600063),(600064,'2024-01-15',232.20,'CB',600064),(600065,'2024-01-13',402.35,'PayPal',600065),(600066,'2024-01-01',483.86,'Virement',600066),(600067,'2024-01-19',242.14,'CB',600067),(600068,'2024-01-14',696.01,'PayPal',600068),(600069,'2024-01-03',333.37,'Virement',600069),(600070,'2024-01-03',612.94,'Virement',600070),(600071,'2024-01-11',420.25,'Virement',600071),(600072,'2024-01-06',466.26,'CB',600072),(600073,'2024-01-03',447.62,'PayPal',600073),(600074,'2024-01-17',295.42,'PayPal',600074),(600075,'2024-01-14',345.43,'Virement',600075),(600076,'2024-01-03',470.73,'PayPal',600076),(600077,'2024-01-16',620.89,'PayPal',600077),(600078,'2024-01-08',297.60,'Virement',600078),(600079,'2024-01-02',626.97,'Virement',600079),(600080,'2024-01-10',649.21,'PayPal',600080),(600081,'2024-01-09',395.56,'Virement',600081),(600094,'2024-01-28',334.64,'Virement',600094),(600095,'2024-01-25',157.58,'PayPal',600095),(600096,'2024-01-07',265.35,'PayPal',600096),(600097,'2024-01-12',191.21,'CB',600097),(600098,'2024-01-28',275.30,'CB',600098),(600099,'2024-01-10',229.17,'CB',600099),(600100,'2024-01-25',242.89,'Virement',600100),(600101,'2024-01-05',326.82,'CB',600101),(600114,'2024-02-02',247.32,'CB',600114),(600115,'2024-01-15',140.78,'PayPal',600115),(600116,'2024-01-31',296.06,'Virement',600116),(600150,'2024-02-05',292.16,'CB',600150),(600151,'2024-03-06',557.79,'Virement',600151),(600152,'2024-03-21',424.99,'CB',600152),(600153,'2024-02-05',564.14,'CB',600153),(600154,'2024-01-25',469.20,'CB',600154),(600155,'2024-01-16',239.81,'PayPal',600155),(600156,'2024-01-01',303.70,'Virement',600156),(600157,'2024-03-02',464.02,'CB',600157),(600158,'2024-01-17',275.81,'PayPal',600158),(600159,'2024-03-12',490.96,'Virement',600159),(600160,'2024-03-10',392.97,'CB',600160),(600161,'2024-01-15',418.11,'Virement',600161),(600162,'2024-01-16',460.39,'CB',600162),(600163,'2024-03-14',246.14,'CB',600163),(600164,'2024-02-26',585.30,'CB',600164),(600165,'2024-02-16',330.98,'CB',600165),(600166,'2024-02-26',538.23,'CB',600166),(600167,'2024-01-20',474.93,'CB',600167),(600168,'2024-02-17',665.47,'PayPal',600168),(600169,'2024-02-24',565.18,'CB',600169),(600209,'2024-03-31',591.34,'CB',600209),(600210,'2024-01-27',306.44,'CB',600210),(600211,'2024-03-06',620.45,'PayPal',600211),(600212,'2024-02-25',364.81,'CB',600212),(600213,'2024-02-11',602.24,'CB',600213),(600214,'2024-04-10',275.14,'Virement',600214),(600215,'2024-03-21',256.01,'CB',600215),(600216,'2024-02-11',214.39,'PayPal',600216),(600217,'2024-02-21',138.02,'CB',600217),(600218,'2024-03-13',87.68,'PayPal',600218),(600219,'2024-01-07',146.51,'PayPal',600219),(600220,'2024-01-29',251.77,'Virement',600220),(600221,'2024-03-06',396.06,'PayPal',600221),(600222,'2024-04-25',413.26,'CB',600222),(600223,'2024-03-07',700.97,'CB',600223),(600224,'2024-03-06',263.71,'Virement',600224),(600225,'2024-01-22',297.99,'PayPal',600225),(600226,'2024-01-31',477.59,'Virement',600226),(600227,'2024-04-05',216.77,'Virement',600227),(600228,'2024-04-14',492.43,'CB',600228),(600229,'2024-03-01',461.82,'CB',600229),(600230,'2024-02-02',369.95,'PayPal',600230),(600231,'2024-01-14',268.99,'Virement',600231),(600232,'2024-01-19',220.26,'Virement',600232),(600233,'2024-04-10',409.62,'Virement',600233),(600234,'2024-03-21',230.46,'PayPal',600234),(600235,'2024-03-02',284.88,'Virement',600235),(600236,'2024-01-31',318.50,'CB',600236),(600237,'2024-02-16',541.52,'CB',600237),(600238,'2024-02-08',566.75,'Virement',600238),(600239,'2024-01-21',185.87,'Virement',600239),(600240,'2024-02-10',391.54,'CB',600240),(600241,'2024-01-30',308.87,'Virement',600241),(600242,'2024-04-30',271.07,'CB',600242),(600243,'2024-02-08',298.36,'Virement',600243),(600244,'2024-01-15',228.06,'CB',600244),(600245,'2024-02-27',539.91,'CB',600245),(600246,'2024-02-14',414.48,'PayPal',600246),(600247,'2024-03-04',396.42,'Virement',600247),(600248,'2024-05-03',613.12,'Virement',600248),(600249,'2024-01-16',654.11,'CB',600249),(600250,'2024-04-12',652.53,'CB',600250),(600251,'2024-03-26',427.70,'PayPal',600251),(600252,'2024-02-28',401.17,'CB',600252),(600253,'2024-02-07',645.92,'CB',600253),(600254,'2024-02-10',500.14,'PayPal',600254),(600255,'2024-04-04',383.06,'PayPal',600255),(600256,'2024-02-15',545.28,'CB',600256),(600257,'2024-02-24',275.62,'CB',600257),(600258,'2024-02-25',325.81,'Virement',600258),(600259,'2024-02-26',412.69,'PayPal',600259),(600260,'2024-04-24',344.44,'PayPal',600260),(600261,'2024-03-04',573.29,'PayPal',600261),(600262,'2024-04-23',446.26,'CB',600262),(600263,'2024-03-23',323.30,'PayPal',600263),(600264,'2024-05-22',474.29,'Virement',600264),(600265,'2024-01-29',702.63,'CB',600265),(600266,'2024-05-18',240.28,'Virement',600266),(600267,'2024-02-03',165.05,'Virement',600267),(600268,'2024-05-20',177.47,'Virement',600268),(600269,'2024-02-27',189.54,'Virement',600269),(600270,'2024-03-06',139.16,'PayPal',600270),(600271,'2024-03-05',130.00,'CB',600271),(600272,'2024-03-16',189.00,'Virement',600272),(600273,'2024-03-10',315.97,'Virement',600273),(600274,'2024-04-15',327.34,'Virement',600274),(600275,'2024-02-21',267.00,'CB',600275),(600276,'2024-03-22',286.52,'CB',600276),(600277,'2024-05-02',172.52,'CB',600277),(600278,'2024-05-24',206.08,'PayPal',600278),(600279,'2024-02-25',235.88,'PayPal',600279),(600280,'2024-04-22',684.41,'Virement',600280),(600281,'2024-06-03',350.68,'CB',600281),(600282,'2024-03-20',715.05,'Virement',600282),(600283,'2024-02-14',269.49,'PayPal',600283),(600284,'2024-03-02',295.65,'Virement',600284),(600285,'2024-04-24',443.53,'PayPal',600285),(600286,'2024-04-25',651.04,'CB',600286),(600287,'2024-05-08',445.19,'Virement',600287),(600288,'2024-04-13',288.36,'PayPal',600288),(600289,'2024-06-07',205.41,'CB',600289),(600290,'2024-02-28',432.52,'Virement',600290),(600291,'2024-02-16',619.59,'CB',600291),(600292,'2024-03-26',223.29,'Virement',600292),(600293,'2024-05-14',463.31,'Virement',600293),(600294,'2024-06-21',304.83,'PayPal',600294),(600295,'2024-05-11',381.64,'Virement',600295),(600296,'2024-06-05',259.04,'PayPal',600296),(600297,'2024-06-17',295.28,'PayPal',600297),(600298,'2024-06-12',597.71,'PayPal',600298),(600299,'2024-04-21',485.69,'Virement',600299),(600300,'2024-03-08',272.38,'CB',600300),(600301,'2024-06-16',464.99,'Virement',600301),(600302,'2024-06-27',498.49,'CB',600302),(600303,'2024-07-02',478.91,'PayPal',600303),(600304,'2024-05-19',528.06,'PayPal',600304),(600305,'2024-04-10',386.48,'Virement',600305),(600306,'2024-06-16',461.61,'Virement',600306),(600307,'2024-03-30',248.83,'PayPal',600307),(600308,'2024-03-23',331.72,'Virement',600308),(600309,'2024-06-18',611.27,'Virement',600309),(600310,'2024-04-01',531.55,'Virement',600310),(600311,'2024-06-16',223.52,'PayPal',600311),(600312,'2024-05-14',246.19,'CB',600312),(600313,'2024-04-23',368.99,'CB',600313),(600314,'2024-05-18',653.51,'PayPal',600314),(600315,'2024-06-09',595.42,'PayPal',600315),(600316,'2024-03-25',515.41,'Virement',600316),(600317,'2024-06-22',342.74,'CB',600317),(600318,'2024-06-03',366.64,'PayPal',600318),(600319,'2024-03-21',373.49,'PayPal',600319),(600320,'2024-04-05',336.45,'Virement',600320),(600321,'2024-03-16',723.93,'CB',600321),(600322,'2024-03-27',425.35,'CB',600322),(600323,'2024-04-22',270.44,'CB',600323),(600324,'2024-07-12',665.30,'CB',600324),(600325,'2024-06-28',668.26,'PayPal',600325),(600326,'2024-06-05',347.07,'Virement',600326),(600327,'2024-07-11',396.08,'PayPal',600327),(600328,'2024-05-06',411.33,'PayPal',600328),(600329,'2024-06-17',330.26,'CB',600329),(600330,'2024-07-09',473.63,'PayPal',600330),(600331,'2024-06-18',152.15,'Virement',600331),(600332,'2024-06-30',101.54,'Virement',600332),(600333,'2024-06-13',187.01,'CB',600333),(600334,'2024-04-23',151.42,'CB',600334),(600335,'2024-06-24',82.76,'CB',600335),(600336,'2024-05-03',197.43,'CB',600336),(600337,'2024-05-30',182.95,'PayPal',600337),(600338,'2024-05-03',224.36,'CB',600338),(600339,'2024-04-11',280.34,'PayPal',600339),(600340,'2024-07-08',91.74,'PayPal',600340),(600341,'2024-06-02',88.18,'Virement',600341),(600342,'2024-06-18',121.10,'CB',600342),(600343,'2024-07-29',358.59,'CB',600343),(600344,'2024-05-23',250.47,'PayPal',600344),(600345,'2024-04-20',550.57,'Virement',600345),(600346,'2024-07-25',509.36,'CB',600346),(600347,'2024-07-07',364.93,'PayPal',600347),(600348,'2024-07-03',301.48,'PayPal',600348),(600349,'2024-06-08',418.49,'CB',600349),(600350,'2024-06-29',549.77,'PayPal',600350),(600351,'2024-06-09',331.91,'PayPal',600351),(600352,'2024-07-08',417.61,'PayPal',600352),(600353,'2024-07-26',373.60,'Virement',600353),(600354,'2024-06-24',514.15,'PayPal',600354),(600355,'2024-05-11',426.61,'PayPal',600355),(600356,'2024-08-12',144.88,'CB',600356),(600357,'2024-05-27',139.37,'CB',600357),(600358,'2024-08-02',211.47,'CB',600358),(600359,'2024-06-23',167.16,'CB',600359),(600360,'2024-08-17',164.64,'CB',600360),(600361,'2024-08-04',172.53,'Virement',600361),(600362,'2024-08-04',593.51,'CB',600362),(600363,'2024-05-28',252.77,'CB',600363),(600364,'2024-05-30',340.75,'PayPal',600364),(600365,'2024-07-15',393.39,'CB',600365),(600366,'2024-06-19',373.82,'Virement',600366),(600367,'2024-04-25',431.32,'CB',600367),(600368,'2024-07-11',532.61,'PayPal',600368),(600369,'2024-05-04',636.59,'PayPal',600369),(600370,'2024-07-20',670.00,'Virement',600370),(600371,'2024-08-17',259.84,'CB',600371),(600372,'2024-08-09',617.03,'PayPal',600372),(600373,'2024-06-30',554.19,'CB',600373),(600374,'2024-07-24',273.32,'Virement',600374),(600375,'2024-05-22',373.31,'Virement',600375),(600376,'2024-08-07',698.62,'PayPal',600376),(600377,'2024-04-25',303.50,'CB',600377),(600378,'2024-05-05',394.80,'CB',600378),(600379,'2024-08-03',278.33,'PayPal',600379),(600380,'2024-08-11',591.42,'PayPal',600380),(600381,'2024-08-18',524.54,'CB',600381),(600382,'2024-07-25',256.44,'Virement',600382),(600383,'2024-06-07',504.89,'PayPal',600383),(600384,'2024-04-26',126.70,'CB',600384),(600385,'2024-05-06',233.57,'Virement',600385),(600386,'2024-06-09',166.32,'CB',600386),(600387,'2024-08-19',164.05,'CB',600387),(600388,'2024-06-24',249.01,'PayPal',600388),(600389,'2024-05-24',208.15,'PayPal',600389),(600390,'2024-06-09',499.15,'PayPal',600390),(600391,'2024-07-08',567.76,'CB',600391),(600392,'2024-06-23',376.38,'PayPal',600392),(600393,'2024-05-11',422.28,'CB',600393),(600394,'2024-06-16',360.09,'CB',600394),(600395,'2024-07-26',678.47,'Virement',600395),(600396,'2024-07-30',539.87,'CB',600396),(600397,'2024-06-30',452.99,'CB',600397),(600398,'2024-07-03',675.33,'CB',600398),(600399,'2024-07-20',328.07,'CB',600399),(600400,'2024-05-05',605.34,'PayPal',600400),(600401,'2024-06-08',681.70,'PayPal',600401),(600402,'2024-08-20',426.19,'CB',600402),(600403,'2024-07-14',432.57,'CB',600403),(600404,'2024-05-21',433.28,'CB',600404),(600405,'2024-08-15',254.20,'PayPal',600405),(600406,'2024-07-26',645.92,'CB',600406),(600407,'2024-05-09',554.76,'PayPal',600407),(600408,'2024-06-22',605.41,'Virement',600408),(600409,'2024-05-03',464.38,'Virement',600409),(600410,'2024-06-20',581.10,'Virement',600410),(600411,'2024-08-16',603.13,'CB',600411),(600412,'2024-07-03',235.58,'CB',600412),(600413,'2024-05-08',621.70,'Virement',600413),(600414,'2024-07-21',263.19,'PayPal',600414),(600415,'2024-06-24',479.16,'PayPal',600415),(600416,'2024-06-23',542.33,'CB',600416),(600417,'2024-07-01',260.52,'PayPal',600417),(600418,'2024-06-27',335.61,'PayPal',600418),(600419,'2024-05-29',209.63,'Virement',600419),(600420,'2024-06-22',269.85,'CB',600420),(600421,'2024-05-03',268.96,'CB',600421),(600422,'2024-06-07',431.34,'Virement',600422),(600423,'2024-06-10',456.96,'PayPal',600423),(600424,'2024-08-24',661.89,'PayPal',600424),(600425,'2024-07-22',352.31,'CB',600425),(600426,'2024-07-17',260.33,'CB',600426),(600427,'2024-08-08',317.11,'Virement',600427),(600428,'2024-08-08',491.84,'Virement',600428),(600429,'2024-05-16',641.68,'Virement',600429),(600430,'2024-05-26',434.87,'CB',600430),(600431,'2024-06-30',576.63,'PayPal',600431),(600432,'2024-07-14',201.13,'CB',600432),(600433,'2024-05-22',616.13,'Virement',600433),(600434,'2024-07-28',377.88,'PayPal',600434),(600435,'2024-07-13',650.31,'PayPal',600435),(600436,'2024-07-23',259.57,'Virement',600436),(600437,'2024-08-10',339.95,'Virement',600437),(600438,'2024-05-06',480.39,'PayPal',600438),(600439,'2024-08-28',330.18,'PayPal',600439),(600440,'2024-06-27',301.08,'Virement',600440),(600441,'2024-07-14',565.26,'Virement',600441),(600442,'2024-07-20',323.87,'CB',600442),(600443,'2024-06-27',679.28,'PayPal',600443),(600444,'2024-05-20',487.65,'Virement',600444),(600445,'2024-07-26',421.09,'CB',600445),(600446,'2024-08-16',394.26,'PayPal',600446),(600447,'2024-07-01',594.15,'Virement',600447),(600448,'2024-06-20',405.45,'Virement',600448),(600449,'2024-08-25',580.35,'CB',600449),(600450,'2024-08-03',118.65,'PayPal',600450),(600451,'2024-07-10',114.11,'PayPal',600451),(600452,'2024-05-31',193.91,'CB',600452),(600453,'2024-07-27',200.82,'Virement',600453),(600454,'2024-05-23',200.08,'PayPal',600454),(600455,'2024-07-01',136.06,'CB',600455),(600456,'2024-08-17',156.66,'Virement',600456),(600457,'2024-07-18',151.07,'CB',600457),(600458,'2024-07-16',283.16,'PayPal',600458),(600459,'2024-06-11',131.20,'Virement',600459),(600460,'2024-09-02',110.70,'PayPal',600460),(600461,'2024-07-26',130.53,'CB',600461),(600462,'2024-07-22',197.82,'PayPal',600462),(600463,'2024-08-15',195.14,'Virement',600463),(600464,'2024-06-09',162.73,'Virement',600464),(600465,'2024-09-05',246.79,'CB',600465),(600466,'2024-09-11',240.26,'CB',600466),(600467,'2024-06-13',155.16,'Virement',600467),(600468,'2024-08-04',239.40,'PayPal',600468),(600469,'2024-07-04',233.61,'CB',600469),(600470,'2024-07-19',229.42,'Virement',600470),(600471,'2024-05-30',202.18,'Virement',600471),(600472,'2024-06-02',185.99,'CB',600472),(600473,'2024-07-31',175.62,'PayPal',600473),(600474,'2024-07-20',146.82,'CB',600474),(600475,'2024-06-23',125.99,'CB',600475),(600476,'2024-06-15',180.63,'CB',600476),(600477,'2024-07-31',142.67,'Virement',600477),(600478,'2024-07-21',150.70,'Virement',600478),(600479,'2024-08-26',313.61,'CB',600479),(600480,'2024-09-06',397.47,'PayPal',600480),(600481,'2024-08-10',255.12,'PayPal',600481),(600482,'2024-07-29',271.45,'CB',600482),(600483,'2024-08-10',416.00,'PayPal',600483),(600484,'2024-07-17',617.66,'Virement',600484),(600485,'2024-07-04',326.15,'CB',600485),(600486,'2024-07-30',198.75,'PayPal',600486),(600487,'2024-09-09',169.70,'CB',600487),(600488,'2024-09-10',119.60,'Virement',600488),(600489,'2024-07-18',230.94,'PayPal',600489),(600490,'2024-06-10',144.66,'CB',600490),(600491,'2024-08-17',310.62,'PayPal',600491),(600492,'2024-07-11',161.19,'Virement',600492),(600493,'2024-06-07',140.49,'Virement',600493),(600494,'2024-07-26',122.01,'Virement',600494),(600495,'2024-06-25',163.90,'Virement',600495),(600496,'2024-06-30',116.68,'PayPal',600496),(600497,'2024-08-13',106.75,'PayPal',600497),(600498,'2024-06-17',161.30,'PayPal',600498),(600499,'2024-09-14',284.14,'Virement',600499),(600500,'2024-07-14',203.00,'PayPal',600500),(600501,'2024-07-02',221.49,'PayPal',600501),(600502,'2024-08-27',160.73,'PayPal',600502),(600503,'2024-06-23',92.99,'Virement',600503),(600504,'2024-07-22',246.77,'Virement',600504),(600505,'2024-07-23',110.09,'CB',600505),(600506,'2024-06-21',239.52,'CB',600506),(600507,'2024-07-16',146.86,'CB',600507),(600508,'2024-08-23',100.92,'PayPal',600508),(600509,'2024-08-31',220.78,'PayPal',600509),(600510,'2024-06-10',92.74,'CB',600510),(600511,'2024-07-29',160.77,'CB',600511),(600512,'2024-09-12',175.60,'Virement',600512),(600513,'2024-09-02',642.25,'CB',600513),(600514,'2024-08-15',380.98,'PayPal',600514),(600515,'2024-07-15',426.05,'PayPal',600515),(600516,'2024-09-18',449.92,'CB',600516),(600517,'2024-08-14',538.05,'PayPal',600517),(600518,'2024-08-03',455.92,'PayPal',600518),(600519,'2024-10-13',250.85,'Virement',600519),(600520,'2024-07-02',520.11,'CB',600520),(600521,'2024-08-07',303.55,'CB',600521),(600522,'2024-07-21',625.23,'PayPal',600522),(600523,'2024-07-30',442.18,'CB',600523),(600524,'2024-10-05',319.05,'CB',600524),(600525,'2024-06-18',243.57,'PayPal',600525),(600526,'2024-10-04',479.78,'Virement',600526),(600527,'2024-06-29',355.14,'Virement',600527),(600528,'2024-06-30',350.69,'CB',600528),(600529,'2024-06-25',691.97,'PayPal',600529),(600530,'2024-09-28',544.60,'PayPal',600530),(600531,'2024-08-10',682.80,'Virement',600531),(600532,'2024-09-08',274.70,'PayPal',600532),(600533,'2024-07-22',271.88,'PayPal',600533),(600534,'2024-09-17',221.50,'Virement',600534),(600535,'2024-09-20',282.64,'CB',600535),(600536,'2024-09-22',119.27,'PayPal',600536),(600537,'2024-09-06',295.56,'Virement',600537),(600538,'2024-09-01',93.41,'PayPal',600538),(600539,'2024-10-16',177.40,'PayPal',600539),(600540,'2024-07-18',115.60,'Virement',600540),(600541,'2024-09-24',158.25,'PayPal',600541),(600542,'2024-08-16',138.97,'Virement',600542),(600543,'2024-07-09',240.64,'PayPal',600543),(600544,'2024-08-11',125.90,'Virement',600544),(600545,'2024-09-03',141.47,'Virement',600545),(600546,'2024-09-23',195.56,'Virement',600546),(600547,'2024-08-30',216.77,'Virement',600547),(600548,'2024-09-06',84.46,'Virement',600548),(600549,'2024-07-10',147.50,'CB',600549),(600550,'2024-08-29',133.12,'CB',600550),(600551,'2024-07-02',184.52,'PayPal',600551),(600552,'2024-07-21',270.06,'PayPal',600552),(600553,'2024-08-03',186.64,'Virement',600553),(600554,'2024-08-19',218.88,'Virement',600554),(600555,'2024-10-12',92.91,'CB',600555),(600556,'2024-09-06',166.20,'PayPal',600556),(600557,'2024-06-30',140.49,'PayPal',600557),(600558,'2024-10-23',232.44,'CB',600558),(600559,'2024-10-18',116.73,'CB',600559),(600560,'2024-08-02',130.32,'PayPal',600560),(600561,'2024-09-04',237.48,'Virement',600561),(600562,'2024-08-22',128.55,'PayPal',600562),(600563,'2024-08-21',230.19,'PayPal',600563),(600564,'2024-09-18',209.48,'Virement',600564),(600565,'2024-07-25',175.73,'PayPal',600565),(600566,'2024-07-02',199.93,'Virement',600566),(600567,'2024-10-15',687.24,'Virement',600567),(600568,'2024-09-28',630.06,'PayPal',600568),(600569,'2024-10-25',534.74,'PayPal',600569),(600570,'2024-09-23',314.31,'CB',600570),(600571,'2024-10-15',237.92,'Virement',600571),(600572,'2024-09-09',354.11,'CB',600572),(600573,'2024-09-04',400.05,'PayPal',600573),(600574,'2024-07-30',584.76,'CB',600574),(600575,'2024-08-03',374.03,'Virement',600575),(600576,'2024-09-04',355.60,'PayPal',600576),(600577,'2024-07-20',304.12,'PayPal',600577),(600578,'2024-08-04',337.77,'CB',600578),(600579,'2024-10-23',219.30,'Virement',600579),(600580,'2024-09-22',110.02,'PayPal',600580),(600581,'2024-08-31',196.48,'PayPal',600581),(600582,'2024-10-05',111.07,'CB',600582),(600583,'2024-09-23',71.87,'Virement',600583),(600584,'2024-11-03',208.92,'CB',600584),(600585,'2024-08-27',235.14,'CB',600585),(600586,'2024-08-24',186.73,'CB',600586),(600587,'2024-10-22',159.20,'Virement',600587),(600588,'2024-08-16',163.04,'Virement',600588),(600589,'2024-09-11',133.20,'CB',600589),(600590,'2024-08-19',66.12,'CB',600590),(600591,'2024-07-11',120.42,'CB',600591),(600592,'2024-09-10',176.80,'CB',600592),(600593,'2024-08-04',165.13,'PayPal',600593),(600594,'2024-07-21',204.57,'PayPal',600594),(600595,'2024-10-13',197.29,'PayPal',600595),(600596,'2024-10-12',206.38,'PayPal',600596),(600597,'2024-09-15',568.11,'Virement',600597),(600598,'2024-07-30',448.63,'Virement',600598),(600599,'2024-09-04',477.85,'PayPal',600599),(600600,'2024-10-10',531.57,'CB',600600),(600601,'2024-09-10',644.78,'CB',600601),(600602,'2024-07-24',334.03,'Virement',600602),(600603,'2024-07-26',188.52,'Virement',600603),(600604,'2024-09-25',189.13,'CB',600604),(600605,'2024-09-14',165.72,'PayPal',600605),(600606,'2024-09-12',330.34,'PayPal',600606),(600607,'2024-10-07',368.97,'PayPal',600607),(600608,'2024-11-07',278.43,'CB',600608),(600609,'2024-11-11',655.38,'Virement',600609),(600610,'2024-09-14',624.82,'CB',600610),(600611,'2024-11-01',662.29,'Virement',600611),(600612,'2024-09-04',414.76,'Virement',600612),(600613,'2024-12-08',662.58,'CB',600613),(600614,'2024-11-23',636.02,'PayPal',600614),(600615,'2024-11-21',402.37,'Virement',600615),(600616,'2024-09-15',290.88,'CB',600616),(600617,'2024-09-27',637.11,'Virement',600617),(600618,'2024-12-07',200.76,'Virement',600618),(600619,'2024-12-11',441.95,'CB',600619),(600620,'2024-09-17',516.70,'CB',600620),(600621,'2024-08-28',680.80,'Virement',600621),(600622,'2024-10-13',334.01,'CB',600622),(600623,'2024-10-05',191.59,'Virement',600623),(600624,'2024-10-01',140.84,'Virement',600624),(600625,'2024-09-09',88.75,'PayPal',600625),(600626,'2024-11-28',130.03,'Virement',600626),(600627,'2024-08-24',109.81,'Virement',600627),(600628,'2024-10-23',151.85,'PayPal',600628),(600629,'2024-10-18',688.91,'PayPal',600629),(600630,'2024-11-04',649.47,'PayPal',600630),(600631,'2024-09-06',485.89,'Virement',600631),(600632,'2024-11-27',369.44,'Virement',600632),(600633,'2024-10-31',639.93,'CB',600633),(600634,'2024-10-24',249.05,'PayPal',600634),(600635,'2024-12-13',537.61,'PayPal',600635),(600636,'2024-09-20',460.16,'Virement',600636),(600637,'2024-11-14',533.04,'Virement',600637),(600638,'2024-11-20',691.48,'CB',600638),(600639,'2024-10-01',291.31,'CB',600639),(600640,'2024-11-04',661.31,'Virement',600640),(600641,'2024-12-16',410.20,'CB',600641),(600642,'2024-10-27',643.85,'PayPal',600642),(600643,'2024-09-27',492.38,'CB',600643),(600644,'2024-11-25',638.27,'Virement',600644),(600645,'2024-11-28',700.86,'Virement',600645),(600646,'2024-12-30',617.14,'Virement',600646),(600647,'2024-09-18',438.80,'CB',600647),(600648,'2024-12-14',339.37,'Virement',600648),(600649,'2024-10-25',656.99,'Virement',600649),(600650,'2024-12-01',251.29,'Virement',600650),(600651,'2024-09-20',661.43,'PayPal',600651),(600652,'2024-11-03',292.36,'PayPal',600652),(600653,'2024-12-17',500.21,'Virement',600653),(600654,'2024-09-19',577.39,'CB',600654),(600655,'2024-11-01',512.77,'CB',600655),(600656,'2024-10-07',573.16,'Virement',600656),(600657,'2025-01-09',440.18,'PayPal',600657),(600658,'2024-12-12',501.31,'PayPal',600658),(600659,'2024-11-01',471.05,'CB',600659),(600660,'2024-12-19',408.53,'PayPal',600660),(600661,'2024-11-12',564.79,'Virement',600661),(600662,'2024-10-12',613.92,'CB',600662),(600663,'2024-09-25',514.01,'PayPal',600663),(600664,'2024-12-16',464.29,'CB',600664),(600665,'2024-10-21',409.66,'PayPal',600665),(600666,'2024-11-08',668.42,'CB',600666),(600667,'2024-10-29',439.63,'PayPal',600667),(600668,'2024-12-19',345.60,'PayPal',600668),(600669,'2024-12-02',502.71,'PayPal',600669),(600670,'2024-10-16',474.38,'PayPal',600670),(600671,'2024-11-04',639.91,'Virement',600671),(600672,'2024-11-30',237.34,'PayPal',600672),(600673,'2024-09-27',555.97,'Virement',600673),(600674,'2024-10-26',414.77,'Virement',600674),(600675,'2024-10-19',419.67,'PayPal',600675),(600676,'2024-09-29',346.30,'CB',600676),(600677,'2024-10-27',386.80,'PayPal',600677),(600678,'2025-01-20',681.43,'Virement',600678),(600679,'2025-01-19',494.25,'CB',600679),(600680,'2024-11-09',357.28,'PayPal',600680),(600681,'2024-11-11',216.59,'CB',600681),(600682,'2024-10-08',288.82,'Virement',600682),(600683,'2025-01-13',146.71,'PayPal',600683),(600684,'2024-10-07',152.36,'CB',600684),(600685,'2025-01-13',137.09,'CB',600685),(600686,'2025-01-21',219.43,'CB',600686),(600687,'2025-01-19',142.39,'CB',600687),(600688,'2024-10-10',185.59,'PayPal',600688),(600689,'2024-11-20',208.42,'CB',600689),(600690,'2024-10-08',120.80,'PayPal',600690),(600691,'2024-12-12',140.03,'CB',600691),(600692,'2024-12-09',127.50,'CB',600692),(600693,'2024-10-26',167.17,'Virement',600693),(600694,'2024-11-17',95.60,'PayPal',600694),(600695,'2024-12-07',226.76,'PayPal',600695),(600696,'2024-11-10',174.83,'Virement',600696),(600697,'2025-01-08',122.70,'PayPal',600697),(600698,'2024-11-05',177.00,'CB',600698),(600699,'2024-11-23',208.08,'CB',600699),(600700,'2024-10-22',119.44,'PayPal',600700),(600701,'2024-11-04',214.24,'Virement',600701),(600702,'2024-12-16',209.43,'CB',600702),(600703,'2024-12-15',215.25,'CB',600703),(600704,'2025-01-27',172.51,'CB',600704),(600705,'2024-12-06',211.00,'PayPal',600705),(600706,'2024-11-08',170.73,'Virement',600706),(600707,'2025-01-24',151.87,'CB',600707),(600708,'2024-11-22',142.37,'Virement',600708),(600709,'2024-11-21',118.00,'Virement',600709),(600710,'2024-12-23',186.05,'CB',600710),(600711,'2024-12-27',191.22,'Virement',600711),(600712,'2024-11-01',360.26,'CB',600712),(600713,'2024-10-14',627.88,'PayPal',600713),(600714,'2024-12-11',269.68,'CB',600714),(600715,'2024-11-15',593.46,'PayPal',600715),(600716,'2024-11-03',473.81,'PayPal',600716),(600717,'2024-11-14',482.85,'Virement',600717),(600718,'2024-10-26',412.48,'CB',600718),(600719,'2024-12-12',636.47,'Virement',600719),(600720,'2024-12-10',497.84,'Virement',600720),(600721,'2024-11-22',344.51,'PayPal',600721),(600722,'2024-10-29',382.41,'Virement',600722),(600723,'2024-10-23',436.16,'PayPal',600723),(600724,'2024-11-25',555.26,'CB',600724),(600725,'2025-01-29',712.93,'PayPal',600725),(600726,'2025-01-12',674.18,'Virement',600726),(600727,'2024-11-15',520.06,'PayPal',600727),(600728,'2024-10-19',462.75,'CB',600728),(600729,'2024-11-02',362.44,'Virement',600729),(600730,'2024-12-14',243.83,'PayPal',600730),(600731,'2025-01-09',421.66,'Virement',600731),(600732,'2024-12-12',567.35,'Virement',600732),(600733,'2024-10-27',420.09,'PayPal',600733),(600734,'2024-12-23',652.64,'PayPal',600734),(600735,'2024-10-15',582.31,'CB',600735),(600736,'2025-01-04',606.49,'PayPal',600736),(600737,'2024-12-21',528.70,'CB',600737),(600738,'2024-12-07',469.55,'CB',600738),(600739,'2024-12-05',547.61,'CB',600739),(600740,'2024-10-05',398.09,'PayPal',600740),(600741,'2024-11-27',370.58,'CB',600741),(600742,'2024-12-29',674.74,'PayPal',600742),(600743,'2024-12-08',452.34,'PayPal',600743),(600744,'2024-11-24',601.27,'CB',600744),(600745,'2025-01-29',656.28,'PayPal',600745),(600746,'2024-12-06',447.69,'PayPal',600746),(600747,'2025-01-08',321.44,'Virement',600747),(600748,'2024-12-07',681.62,'CB',600748),(600749,'2024-12-06',329.22,'CB',600749),(600750,'2024-11-28',445.89,'Virement',600750),(600751,'2024-12-07',513.42,'PayPal',600751),(600752,'2024-10-13',181.59,'CB',600752),(600753,'2024-10-26',691.49,'PayPal',600753),(600754,'2024-11-15',197.65,'PayPal',600754),(600755,'2025-02-01',492.92,'PayPal',600755),(600756,'2025-01-10',367.29,'Virement',600756),(600757,'2024-11-17',442.65,'Virement',600757),(600758,'2025-01-07',540.28,'CB',600758),(600759,'2024-10-30',514.03,'PayPal',600759),(600760,'2024-11-18',641.38,'CB',600760),(600761,'2024-12-21',477.86,'PayPal',600761),(600762,'2024-11-24',383.83,'PayPal',600762),(600763,'2024-12-08',461.03,'PayPal',600763),(600764,'2025-01-19',608.81,'PayPal',600764),(600765,'2025-01-04',446.46,'Virement',600765),(600766,'2024-11-23',200.52,'Virement',600766),(600767,'2025-01-29',439.16,'PayPal',600767),(600768,'2024-11-25',662.48,'Virement',600768),(600769,'2025-01-19',271.44,'CB',600769),(600770,'2024-12-09',262.87,'Virement',600770),(600771,'2025-01-13',232.01,'CB',600771),(600772,'2025-01-17',410.18,'Virement',600772),(600773,'2024-12-20',529.55,'PayPal',600773),(600774,'2025-01-17',449.72,'Virement',600774),(600775,'2024-10-25',349.04,'PayPal',600775),(600776,'2025-01-21',319.30,'CB',600776),(600777,'2025-01-20',214.75,'CB',600777),(600778,'2024-12-04',114.09,'PayPal',600778),(600779,'2025-02-02',153.37,'Virement',600779),(600780,'2025-01-17',110.65,'Virement',600780),(600781,'2024-10-29',218.64,'PayPal',600781),(600782,'2025-02-15',208.84,'Virement',600782),(600783,'2024-12-11',189.29,'Virement',600783),(600784,'2024-10-28',196.06,'PayPal',600784),(600785,'2024-12-13',238.28,'CB',600785),(600786,'2025-01-27',96.74,'CB',600786),(600787,'2025-01-20',144.62,'Virement',600787),(600788,'2024-12-27',206.16,'CB',600788),(600789,'2024-12-10',252.56,'PayPal',600789),(600790,'2025-01-04',212.86,'PayPal',600790),(600791,'2025-01-08',246.27,'PayPal',600791),(600792,'2025-02-11',172.05,'PayPal',600792),(600793,'2025-01-18',100.76,'Virement',600793),(600794,'2024-11-12',124.83,'PayPal',600794),(600795,'2024-12-14',148.24,'Virement',600795),(600796,'2025-02-11',310.02,'CB',600796),(600797,'2024-12-04',240.06,'Virement',600797),(600798,'2025-02-12',95.19,'CB',600798),(600799,'2025-02-17',249.44,'PayPal',600799),(600800,'2024-11-22',171.97,'CB',600800),(600801,'2025-01-08',118.03,'Virement',600801),(600802,'2024-12-25',221.28,'CB',600802),(600803,'2025-01-14',454.89,'PayPal',600803),(600804,'2025-03-16',737.73,'CB',600804),(600805,'2025-01-01',554.90,'CB',600805),(600806,'2025-03-08',349.22,'PayPal',600806),(600807,'2025-03-07',541.79,'Virement',600807),(600808,'2025-01-01',314.26,'CB',600808),(600809,'2024-12-07',120.70,'CB',600809),(600810,'2025-01-19',224.77,'Virement',600810),(600811,'2025-01-03',90.37,'Virement',600811),(600812,'2024-12-04',119.63,'PayPal',600812),(600813,'2025-03-08',272.15,'PayPal',600813),(600814,'2025-02-10',115.14,'PayPal',600814),(600815,'2025-01-07',233.08,'Virement',600815),(600816,'2025-03-14',490.07,'PayPal',600816),(600817,'2025-02-01',308.83,'PayPal',600817),(600818,'2025-02-20',286.84,'Virement',600818),(600819,'2024-12-18',383.74,'PayPal',600819),(600820,'2025-01-19',387.05,'PayPal',600820),(600821,'2025-02-09',683.14,'Virement',600821),(600822,'2025-02-11',686.69,'PayPal',600822),(600823,'2024-12-17',319.56,'PayPal',600823),(600824,'2025-02-10',122.99,'CB',600824),(600825,'2025-01-10',136.96,'Virement',600825),(600826,'2025-01-23',146.53,'PayPal',600826),(600827,'2025-03-09',242.88,'Virement',600827),(600828,'2025-01-16',130.07,'PayPal',600828),(600829,'2025-03-14',293.94,'PayPal',600829),(600830,'2025-03-04',473.80,'Virement',600830),(600831,'2024-12-09',368.59,'Virement',600831),(600832,'2024-12-13',476.60,'Virement',600832),(600833,'2025-02-05',679.49,'Virement',600833),(600834,'2024-12-05',634.43,'CB',600834),(600835,'2025-01-29',568.56,'PayPal',600835),(600836,'2025-02-16',679.23,'CB',600836),(600837,'2025-01-15',260.27,'CB',600837),(600838,'2025-01-02',351.71,'CB',600838),(600839,'2025-01-13',253.96,'PayPal',600839),(600840,'2024-12-21',436.69,'Virement',600840),(600841,'2025-03-02',247.77,'PayPal',600841),(600842,'2024-12-11',523.25,'PayPal',600842),(600843,'2025-03-12',425.79,'Virement',600843),(600844,'2025-01-14',638.57,'PayPal',600844),(600845,'2025-01-01',521.59,'Virement',600845),(600846,'2024-12-08',693.08,'Virement',600846),(600847,'2025-02-21',314.38,'CB',600847),(600848,'2025-01-11',402.66,'PayPal',600848),(600849,'2025-01-29',356.30,'CB',600849),(600850,'2025-02-02',692.99,'Virement',600850),(600851,'2025-01-07',566.94,'Virement',600851),(600852,'2025-01-04',548.61,'CB',600852),(600853,'2024-12-09',122.92,'CB',600853),(600854,'2025-02-27',218.55,'Virement',600854),(600855,'2025-03-21',125.55,'CB',600855),(600856,'2025-03-23',189.83,'CB',600856),(600857,'2024-12-17',163.97,'Virement',600857),(600858,'2025-03-28',215.74,'Virement',600858),(600859,'2025-02-09',127.26,'CB',600859),(600860,'2025-02-11',294.45,'Virement',600860),(600861,'2024-12-24',296.65,'CB',600861),(600862,'2024-12-14',289.11,'Virement',600862),(600863,'2025-04-05',174.64,'Virement',600863),(600864,'2025-01-14',136.88,'CB',600864),(600865,'2025-01-21',234.39,'Virement',600865),(600866,'2025-03-25',432.83,'Virement',600866),(600867,'2025-02-12',664.12,'PayPal',600867),(600868,'2025-03-03',277.57,'Virement',600868),(600869,'2024-12-16',636.91,'CB',600869),(600870,'2025-02-06',727.58,'Virement',600870),(600871,'2024-12-26',386.55,'PayPal',600871),(600872,'2025-03-05',459.84,'CB',600872),(600873,'2025-03-21',353.93,'Virement',600873),(600874,'2025-01-10',372.40,'Virement',600874),(600875,'2025-01-08',576.26,'Virement',600875),(600876,'2025-01-28',349.48,'Virement',600876),(600877,'2024-12-31',592.46,'PayPal',600877),(600878,'2025-04-12',471.95,'PayPal',600878),(600879,'2025-01-18',248.14,'Virement',600879),(600880,'2025-03-08',498.92,'Virement',600880),(600881,'2025-02-10',228.56,'PayPal',600881),(600882,'2025-02-02',493.72,'PayPal',600882),(600883,'2025-01-17',253.47,'Virement',600883),(600884,'2025-04-21',454.25,'CB',600884),(600885,'2025-04-18',427.18,'CB',600885),(600886,'2025-04-21',673.36,'PayPal',600886),(600887,'2025-03-15',486.02,'Virement',600887),(600888,'2025-01-27',240.86,'CB',600888),(600889,'2024-12-31',297.02,'Virement',600889),(600890,'2025-02-09',357.04,'PayPal',600890),(600891,'2025-04-21',318.32,'Virement',600891),(600892,'2025-04-06',354.79,'PayPal',600892),(600893,'2025-03-24',436.87,'Virement',600893),(600894,'2025-02-07',435.86,'CB',600894),(600895,'2025-04-20',484.57,'PayPal',600895),(600896,'2025-03-06',459.92,'PayPal',600896),(600897,'2025-03-04',476.05,'CB',600897),(600898,'2025-04-06',594.95,'CB',600898),(600899,'2025-04-10',396.75,'CB',600899),(600900,'2025-03-04',383.50,'Virement',600900),(600901,'2025-03-31',303.45,'Virement',600901),(600902,'2025-03-31',285.54,'CB',600902),(600903,'2025-04-08',210.86,'Virement',600903),(600904,'2025-03-15',254.93,'Virement',600904),(600905,'2025-02-19',147.84,'CB',600905),(600906,'2025-02-01',264.73,'Virement',600906),(600907,'2024-12-31',282.23,'PayPal',600907),(600908,'2025-02-19',292.74,'CB',600908),(600909,'2025-01-17',116.25,'PayPal',600909),(600910,'2025-04-19',262.03,'CB',600910),(600911,'2025-05-04',133.52,'CB',600911),(600912,'2025-02-21',174.19,'Virement',600912),(600913,'2025-02-02',187.01,'CB',600913),(600914,'2025-04-12',183.99,'PayPal',600914),(600915,'2025-03-03',104.19,'Virement',600915),(600916,'2025-02-06',119.88,'CB',600916),(600917,'2025-05-07',262.18,'Virement',600917),(600918,'2025-04-23',108.38,'CB',600918),(600919,'2025-02-09',197.30,'Virement',600919),(600920,'2025-02-04',263.26,'CB',600920),(600921,'2025-03-30',563.02,'PayPal',600921),(600922,'2025-03-24',406.61,'Virement',600922),(600923,'2025-01-14',387.67,'CB',600923),(600924,'2025-04-10',600.63,'CB',600924),(600925,'2025-04-21',565.96,'Virement',600925),(600926,'2025-03-22',220.70,'Virement',600926),(600927,'2025-04-02',343.51,'CB',600927),(600928,'2025-05-08',600.18,'Virement',600928),(600929,'2025-02-10',542.18,'PayPal',600929),(600930,'2025-04-25',652.62,'PayPal',600930),(600931,'2025-03-22',449.69,'Virement',600931),(600932,'2025-04-29',665.10,'CB',600932),(600933,'2025-02-27',206.70,'CB',600933),(600934,'2025-04-13',163.62,'Virement',600934),(600935,'2025-02-13',119.49,'PayPal',600935),(600936,'2025-04-23',182.03,'Virement',600936),(600937,'2025-01-27',223.66,'CB',600937),(600938,'2025-03-19',126.05,'PayPal',600938),(600939,'2025-03-27',494.20,'Virement',600939),(600940,'2025-05-17',499.67,'CB',600940),(600941,'2025-02-28',330.52,'Virement',600941),(600942,'2025-01-26',448.59,'Virement',600942),(600943,'2025-05-21',427.65,'PayPal',600943),(600944,'2025-01-31',590.67,'CB',600944),(600945,'2025-04-22',425.88,'PayPal',600945),(600946,'2025-03-06',271.78,'CB',600946),(600947,'2025-04-28',332.04,'CB',600947),(600948,'2025-05-03',567.10,'Virement',600948),(600949,'2025-03-23',384.28,'PayPal',600949),(600950,'2025-05-19',578.04,'CB',600950),(600951,'2025-05-14',119.26,'Virement',600951),(600952,'2025-05-17',186.76,'PayPal',600952),(600953,'2025-06-11',107.03,'CB',600953),(600954,'2025-04-03',175.50,'CB',600954),(600955,'2025-03-28',245.07,'PayPal',600955),(600956,'2025-05-22',183.18,'Virement',600956),(600957,'2025-04-12',249.56,'PayPal',600957),(600958,'2025-04-21',178.23,'PayPal',600958),(600959,'2025-03-02',217.66,'Virement',600959),(600960,'2025-04-28',241.11,'CB',600960),(600961,'2025-04-05',122.32,'PayPal',600961),(600962,'2025-05-13',172.68,'Virement',600962),(600963,'2025-02-28',106.75,'CB',600963),(600964,'2025-04-17',363.44,'Virement',600964),(600965,'2025-03-13',374.66,'PayPal',600965),(600966,'2025-05-08',463.32,'CB',600966),(600967,'2025-05-09',362.56,'CB',600967),(600968,'2025-06-07',383.13,'PayPal',600968),(600969,'2025-06-02',461.76,'PayPal',600969),(600970,'2025-04-04',211.08,'Virement',600970),(600971,'2025-03-29',381.85,'PayPal',600971),(600972,'2025-05-19',576.32,'PayPal',600972),(600973,'2025-05-18',669.75,'PayPal',600973),(600974,'2025-05-07',283.77,'CB',600974),(600975,'2025-06-21',411.98,'Virement',600975),(600976,'2025-03-18',679.95,'Virement',600976),(600977,'2025-03-29',526.61,'Virement',600977),(600978,'2025-06-24',629.24,'CB',600978),(600979,'2025-03-15',636.95,'PayPal',600979),(600980,'2025-06-30',321.15,'CB',600980),(600981,'2025-05-16',434.29,'CB',600981),(600982,'2025-03-22',423.99,'Virement',600982),(600983,'2025-04-04',542.31,'Virement',600983),(600984,'2025-06-05',598.17,'PayPal',600984),(600985,'2025-06-13',307.88,'Virement',600985),(600986,'2025-03-23',634.57,'CB',600986),(600987,'2025-05-03',506.67,'Virement',600987),(600988,'2025-04-14',370.62,'CB',600988),(600989,'2025-05-23',644.87,'PayPal',600989),(600990,'2025-06-18',560.63,'CB',600990),(600991,'2025-04-24',584.66,'PayPal',600991),(600992,'2025-05-09',696.32,'PayPal',600992),(600993,'2025-06-16',649.54,'Virement',600993),(600994,'2025-06-16',747.84,'Virement',600994),(600995,'2025-04-20',211.64,'Virement',600995),(600996,'2025-06-18',185.29,'PayPal',600996),(600997,'2025-07-06',185.71,'Virement',600997),(600998,'2025-06-08',117.91,'PayPal',600998),(600999,'2025-05-03',187.86,'Virement',600999),(601000,'2025-06-03',170.05,'PayPal',601000),(601001,'2025-07-10',388.41,'Virement',601001),(601002,'2025-05-17',389.99,'CB',601002),(601003,'2025-07-04',489.54,'Virement',601003),(601004,'2025-06-02',452.10,'PayPal',601004),(601005,'2025-04-27',527.52,'PayPal',601005),(601006,'2025-05-25',373.69,'PayPal',601006),(601007,'2025-05-29',481.53,'CB',601007),(601008,'2025-06-21',349.29,'Virement',601008),(601009,'2025-04-06',302.31,'PayPal',601009),(601010,'2025-03-23',290.18,'Virement',601010),(601011,'2025-05-01',300.15,'PayPal',601011),(601012,'2025-05-23',248.10,'PayPal',601012),(601013,'2025-06-15',375.44,'PayPal',601013),(601014,'2025-07-14',362.65,'CB',601014),(601015,'2025-06-16',481.38,'CB',601015),(601016,'2025-05-09',429.07,'PayPal',601016),(601017,'2025-05-15',384.35,'CB',601017),(601018,'2025-06-14',458.29,'Virement',601018),(601019,'2025-07-13',408.98,'Virement',601019),(601020,'2025-04-24',616.34,'PayPal',601020),(601021,'2025-06-16',571.08,'Virement',601021),(601022,'2025-05-29',275.23,'Virement',601022),(601023,'2025-07-10',557.22,'PayPal',601023),(601024,'2025-06-18',271.62,'PayPal',601024),(601025,'2025-06-22',224.01,'Virement',601025),(601026,'2025-05-16',151.43,'Virement',601026),(601027,'2025-04-14',272.28,'PayPal',601027),(601028,'2025-05-17',211.65,'Virement',601028),(601029,'2025-05-11',176.38,'PayPal',601029),(601030,'2025-07-13',106.66,'PayPal',601030),(601031,'2025-04-12',226.77,'CB',601031),(601032,'2025-06-28',78.68,'Virement',601032),(601033,'2025-06-18',130.96,'CB',601033),(601034,'2025-05-27',206.44,'PayPal',601034),(601035,'2025-07-18',119.31,'CB',601035),(601036,'2025-07-18',132.71,'PayPal',601036),(601037,'2025-06-21',143.95,'PayPal',601037),(601038,'2025-07-17',224.38,'Virement',601038),(601039,'2025-05-25',157.02,'PayPal',601039),(601040,'2025-06-14',179.79,'PayPal',601040),(601041,'2025-07-22',91.53,'CB',601041),(601042,'2025-07-27',100.62,'Virement',601042),(601043,'2025-07-11',73.29,'PayPal',601043),(601044,'2025-06-03',115.15,'PayPal',601044),(601045,'2025-05-06',141.53,'CB',601045),(601046,'2025-06-27',136.08,'PayPal',601046),(601047,'2025-04-12',84.47,'PayPal',601047),(601048,'2025-07-16',144.56,'PayPal',601048),(601049,'2025-06-27',101.58,'PayPal',601049),(601050,'2025-07-26',80.91,'Virement',601050),(601051,'2025-06-17',65.91,'PayPal',601051),(601052,'2025-08-07',219.76,'PayPal',601052),(601053,'2025-05-22',146.73,'PayPal',601053),(601054,'2025-06-17',90.15,'Virement',601054),(601055,'2025-04-19',179.39,'PayPal',601055),(601056,'2025-05-19',119.00,'PayPal',601056),(601057,'2025-08-07',116.12,'PayPal',601057),(601058,'2025-04-29',170.04,'Virement',601058),(601059,'2025-05-06',120.84,'PayPal',601059),(601060,'2025-07-05',200.10,'PayPal',601060),(601061,'2025-06-29',207.76,'Virement',601061),(601062,'2025-08-13',266.25,'PayPal',601062),(601063,'2025-07-13',136.87,'PayPal',601063),(601064,'2025-05-18',211.92,'PayPal',601064),(601065,'2025-07-22',87.32,'Virement',601065),(601066,'2025-05-30',98.82,'Virement',601066),(601067,'2025-08-05',408.83,'PayPal',601067),(601068,'2025-06-11',637.18,'PayPal',601068),(601069,'2025-07-31',499.15,'Virement',601069),(601070,'2025-05-07',248.19,'PayPal',601070),(601071,'2025-08-13',391.16,'Virement',601071),(601072,'2025-05-22',493.96,'CB',601072),(601073,'2025-05-26',219.93,'Virement',601073),(601074,'2025-04-28',259.41,'CB',601074),(601075,'2025-07-19',197.54,'Virement',601075),(601076,'2025-06-25',124.73,'Virement',601076),(601077,'2025-06-18',88.01,'PayPal',601077),(601078,'2025-06-13',113.41,'CB',601078),(601079,'2025-07-15',162.40,'Virement',601079),(601080,'2025-07-21',136.73,'PayPal',601080),(601081,'2025-07-19',157.98,'Virement',601081),(601082,'2025-06-22',207.37,'Virement',601082),(601083,'2025-08-11',248.27,'CB',601083),(601084,'2025-07-18',234.51,'CB',601084),(601085,'2025-06-17',284.87,'Virement',601085),(601086,'2025-07-14',163.29,'CB',601086),(601087,'2025-07-03',178.37,'CB',601087),(601088,'2025-05-06',174.65,'CB',601088),(601089,'2025-07-04',211.43,'PayPal',601089),(601090,'2025-06-01',212.83,'PayPal',601090),(601091,'2025-08-19',390.74,'CB',601091),(601092,'2025-05-30',234.28,'Virement',601092),(601093,'2025-05-31',175.88,'Virement',601093),(601094,'2025-07-16',173.60,'PayPal',601094),(601095,'2025-07-02',451.73,'PayPal',601095),(601096,'2025-06-21',618.89,'PayPal',601096),(601097,'2025-08-30',565.02,'Virement',601097),(601098,'2025-08-26',423.84,'Virement',601098),(601099,'2025-08-21',513.70,'Virement',601099),(601100,'2025-06-11',354.31,'CB',601100),(601101,'2025-08-11',309.07,'Virement',601101),(601102,'2025-06-03',285.44,'Virement',601102),(601103,'2025-08-30',232.95,'PayPal',601103),(601104,'2025-05-17',196.45,'CB',601104),(601105,'2025-05-23',206.47,'PayPal',601105),(601106,'2025-08-10',302.51,'PayPal',601106),(601107,'2025-07-25',165.56,'CB',601107),(601108,'2025-08-30',293.04,'CB',601108),(601109,'2025-07-09',95.01,'Virement',601109),(601110,'2025-07-19',732.47,'CB',601110),(601111,'2025-08-20',560.04,'PayPal',601111),(601112,'2025-06-17',403.21,'CB',601112),(601113,'2025-07-12',449.91,'CB',601113),(601114,'2025-05-23',627.24,'PayPal',601114),(601115,'2025-06-24',621.98,'PayPal',601115),(601116,'2025-06-14',608.74,'PayPal',601116),(601117,'2025-06-21',594.12,'PayPal',601117),(601118,'2025-05-30',565.34,'Virement',601118),(601119,'2025-09-17',211.98,'CB',601119),(601120,'2025-07-05',238.80,'Virement',601120),(601121,'2025-07-23',551.15,'CB',601121),(601122,'2025-06-03',154.45,'PayPal',601122),(601123,'2025-06-08',89.91,'Virement',601123),(601124,'2025-06-27',145.04,'CB',601124),(601125,'2025-08-13',215.86,'CB',601125),(601126,'2025-09-22',250.29,'PayPal',601126),(601127,'2025-07-25',195.42,'Virement',601127),(601128,'2025-08-21',142.47,'CB',601128),(601129,'2025-08-30',260.53,'PayPal',601129),(601130,'2025-07-20',302.48,'PayPal',601130),(601131,'2025-06-16',283.98,'Virement',601131),(601132,'2025-07-08',230.99,'CB',601132),(601133,'2025-08-22',275.77,'CB',601133),(601134,'2025-07-23',195.55,'Virement',601134),(601135,'2025-09-22',230.63,'Virement',601135),(601136,'2025-09-15',224.36,'Virement',601136),(601137,'2025-07-11',309.26,'PayPal',601137),(601138,'2025-06-14',346.73,'PayPal',601138),(601139,'2025-08-13',286.08,'PayPal',601139),(601140,'2025-06-19',307.43,'PayPal',601140),(601141,'2025-08-11',336.42,'PayPal',601141),(601142,'2025-07-02',262.73,'PayPal',601142),(601143,'2025-09-24',125.43,'PayPal',601143),(601144,'2025-08-02',225.75,'PayPal',601144),(601145,'2025-06-05',180.06,'Virement',601145),(601146,'2025-08-26',131.90,'PayPal',601146),(601147,'2025-08-17',283.47,'PayPal',601147),(601148,'2025-07-18',167.68,'PayPal',601148),(601149,'2025-07-31',305.91,'PayPal',601149),(601150,'2025-08-11',187.71,'PayPal',601150),(601151,'2025-09-23',529.18,'Virement',601151),(601152,'2025-06-11',513.68,'CB',601152),(601153,'2025-09-03',397.36,'Virement',601153),(601154,'2025-06-23',696.91,'CB',601154),(601155,'2025-06-26',682.25,'CB',601155),(601156,'2025-09-12',289.61,'PayPal',601156),(601157,'2025-08-18',370.64,'Virement',601157),(601158,'2025-07-13',604.94,'CB',601158),(601159,'2025-08-25',721.16,'Virement',601159),(601160,'2025-07-11',478.26,'CB',601160),(601161,'2025-09-29',492.64,'PayPal',601161),(601162,'2025-08-27',715.07,'PayPal',601162),(601163,'2025-08-28',359.29,'PayPal',601163),(601164,'2025-08-29',386.63,'PayPal',601164),(601165,'2025-07-06',401.77,'Virement',601165),(601166,'2025-08-10',673.29,'PayPal',601166),(601167,'2025-09-17',646.71,'Virement',601167),(601168,'2025-07-11',574.83,'CB',601168),(601169,'2025-10-01',269.33,'CB',601169),(601170,'2025-07-31',558.19,'PayPal',601170),(601171,'2025-08-17',553.41,'Virement',601171),(601172,'2025-08-20',602.90,'CB',601172),(601173,'2025-06-17',689.79,'PayPal',601173),(601174,'2025-06-29',744.47,'CB',601174),(601175,'2025-08-09',634.85,'CB',601175),(601176,'2025-09-23',301.09,'Virement',601176),(601177,'2025-09-07',717.31,'Virement',601177),(601178,'2025-07-13',544.61,'PayPal',601178),(601179,'2025-07-11',289.43,'CB',601179),(601180,'2025-07-14',429.57,'PayPal',601180),(601181,'2025-08-15',447.00,'PayPal',601181),(601182,'2025-09-30',411.88,'Virement',601182),(601183,'2025-08-31',450.58,'CB',601183),(601184,'2025-10-02',316.95,'CB',601184),(601185,'2025-08-01',196.48,'PayPal',601185),(601186,'2025-09-19',292.24,'Virement',601186),(601187,'2025-07-18',690.54,'Virement',601187),(601188,'2025-09-20',297.38,'Virement',601188),(601189,'2025-06-22',371.97,'PayPal',601189),(601190,'2025-09-06',315.63,'Virement',601190),(601191,'2025-07-09',642.15,'CB',601191),(601192,'2025-06-28',598.55,'CB',601192),(601193,'2025-08-08',368.21,'CB',601193),(601194,'2025-08-22',682.47,'PayPal',601194),(601195,'2025-10-06',104.93,'Virement',601195),(601196,'2025-09-10',128.53,'CB',601196),(601197,'2025-09-17',155.36,'PayPal',601197),(601198,'2025-08-25',155.81,'PayPal',601198),(601199,'2025-10-08',201.90,'PayPal',601199),(601200,'2025-09-16',135.25,'PayPal',601200),(601201,'2025-09-06',154.19,'Virement',601201),(601202,'2025-09-27',247.64,'PayPal',601202),(601203,'2025-09-19',226.97,'CB',601203),(601204,'2025-08-21',132.13,'PayPal',601204),(601205,'2025-08-22',143.47,'PayPal',601205),(601206,'2025-09-22',186.06,'Virement',601206),(601207,'2025-08-07',502.10,'CB',601207),(601208,'2025-07-18',524.76,'PayPal',601208),(601209,'2025-08-01',749.70,'PayPal',601209),(601210,'2025-07-21',706.82,'PayPal',601210),(601211,'2025-07-22',687.62,'PayPal',601211),(601212,'2025-07-11',382.83,'PayPal',601212),(601213,'2025-07-07',726.64,'Virement',601213),(601214,'2025-07-28',268.11,'Virement',601214),(601215,'2025-07-22',193.26,'Virement',601215),(601216,'2025-09-23',207.77,'PayPal',601216),(601217,'2025-09-02',187.39,'PayPal',601217),(601218,'2025-10-04',260.27,'CB',601218),(601219,'2025-09-29',184.02,'PayPal',601219),(601220,'2025-07-21',174.21,'CB',601220),(601221,'2025-10-06',243.29,'Virement',601221),(601222,'2025-09-10',140.72,'PayPal',601222),(601223,'2025-10-12',109.58,'CB',601223),(601224,'2025-09-11',101.47,'Virement',601224),(601225,'2025-09-15',276.85,'CB',601225),(601226,'2025-10-07',172.60,'CB',601226),(601227,'2025-08-24',544.40,'Virement',601227),(601228,'2025-09-02',243.56,'Virement',601228),(601229,'2025-09-06',225.32,'CB',601229),(601230,'2025-10-17',299.39,'Virement',601230),(601231,'2025-08-12',664.97,'Virement',601231),(601232,'2025-09-06',221.90,'Virement',601232),(601233,'2025-07-29',367.67,'CB',601233),(601234,'2025-08-22',472.72,'CB',601234),(601235,'2025-09-14',559.42,'Virement',601235),(601236,'2025-08-10',678.02,'PayPal',601236),(601237,'2025-09-28',415.59,'CB',601237),(601238,'2025-08-05',345.50,'CB',601238),(601239,'2025-10-16',671.79,'PayPal',601239),(601240,'2025-09-01',484.25,'Virement',601240),(601241,'2025-10-17',617.85,'PayPal',601241),(601242,'2025-08-12',579.27,'Virement',601242),(601243,'2025-08-09',335.58,'CB',601243),(601244,'2025-08-12',477.93,'Virement',601244),(601245,'2025-07-21',500.79,'PayPal',601245),(601246,'2025-08-31',473.62,'PayPal',601246),(601247,'2025-10-18',595.74,'CB',601247),(601248,'2025-11-11',273.54,'PayPal',601248),(601249,'2025-10-06',514.86,'PayPal',601249),(601250,'2025-07-29',361.05,'CB',601250),(601251,'2025-09-14',233.93,'CB',601251),(601252,'2025-08-06',667.06,'PayPal',601252),(601253,'2025-10-26',470.73,'CB',601253),(601254,'2025-10-24',549.15,'CB',601254),(601255,'2025-07-21',340.23,'PayPal',601255),(601256,'2025-07-25',308.83,'Virement',601256),(601257,'2025-10-19',542.37,'PayPal',601257),(601258,'2025-09-24',383.62,'CB',601258),(601259,'2025-09-26',596.92,'PayPal',601259),(601260,'2025-11-07',696.81,'CB',601260),(601261,'2025-11-14',240.79,'Virement',601261),(601262,'2025-10-23',506.01,'CB',601262),(601263,'2025-09-13',301.17,'CB',601263),(601264,'2025-08-14',483.40,'PayPal',601264),(601265,'2025-08-01',245.32,'CB',601265),(601266,'2025-07-30',65.27,'Virement',601266),(601267,'2025-09-10',171.50,'CB',601267),(601268,'2025-10-19',224.46,'PayPal',601268),(601269,'2025-08-21',175.23,'CB',601269),(601270,'2025-08-13',110.09,'Virement',601270),(601271,'2025-07-27',190.42,'CB',601271),(601272,'2025-09-04',79.33,'Virement',601272),(601273,'2025-09-29',330.24,'CB',601273),(601274,'2025-10-03',142.21,'CB',601274),(601275,'2025-11-19',206.15,'Virement',601275),(601276,'2025-11-08',304.86,'CB',601276),(601277,'2025-08-22',296.68,'PayPal',601277),(601278,'2025-08-12',191.75,'PayPal',601278),(601279,'2025-11-22',226.58,'PayPal',601279),(601280,'2025-10-25',566.87,'CB',601280),(601281,'2025-11-19',479.43,'CB',601281),(601282,'2025-08-26',670.94,'CB',601282),(601283,'2025-10-12',314.62,'PayPal',601283),(601284,'2025-10-18',664.28,'Virement',601284),(601285,'2025-09-11',519.50,'CB',601285),(601286,'2025-11-10',382.15,'PayPal',601286),(601287,'2025-10-28',324.30,'PayPal',601287),(601288,'2025-10-04',604.85,'Virement',601288),(601289,'2025-09-01',542.96,'PayPal',601289),(601290,'2025-11-28',360.10,'CB',601290),(601291,'2025-08-14',496.98,'CB',601291),(601292,'2025-10-13',487.41,'Virement',601292),(601293,'2025-08-25',333.65,'CB',601293),(601294,'2025-10-30',485.64,'Virement',601294),(601295,'2025-09-01',293.77,'PayPal',601295),(601296,'2025-08-12',597.59,'Virement',601296),(601297,'2025-11-13',432.25,'PayPal',601297),(601298,'2025-08-20',272.04,'Virement',601298),(601299,'2025-09-02',489.17,'CB',601299),(601300,'2025-11-15',233.35,'Virement',601300),(601301,'2025-12-04',334.36,'PayPal',601301),(601302,'2025-08-18',220.62,'Virement',601302),(601303,'2025-10-16',118.55,'PayPal',601303),(601304,'2025-11-03',191.69,'Virement',601304),(601305,'2025-11-23',267.89,'Virement',601305),(601306,'2025-11-03',181.58,'Virement',601306),(601307,'2025-10-12',144.08,'CB',601307),(601308,'2025-11-11',210.81,'PayPal',601308),(601309,'2025-09-02',128.61,'Virement',601309);
INSERT INTO Reservation_Option(IdOption,Libelle,PrixUnitaire) VALUES (1,'Bagage +10kg',30.00),(2,'Siège XL',25.00),(3,'Embarquement prioritaire',15.00),(4,'Assurance voyage',20.00),(5,'Choix de siège',10.00),(6,'Repas spécial',18.00),(7,'Wi-Fi',9.00),(8,'Fast Track',35.00);
INSERT INTO ReservationInclutOption(CodeReservation,IdOption) VALUES (600002,3),(600003,2),(600004,8),(600004,6),(600005,5),(600005,4),(600008,5),(600008,4),(600009,3),(600009,7),(600011,4),(600012,6),(600013,4),(600014,6),(600015,2),(600015,1),(600017,8),(600018,4),(600019,2),(600020,7),(600021,8),(600021,3),(600022,7),(600022,6),(600022,4),(600023,6),(600024,1),(600024,7),(600038,4),(600039,5),(600039,7),(600041,6),(600042,4),(600042,6),(600043,3),(600043,4),(600044,1),(600045,8),(600045,4),(600046,8),(600048,6),(600051,6),(600051,8),(600052,1),(600053,7),(600053,4),(600054,8),(600055,2),(600056,2),(600056,3),(600056,6),(600057,1),(600057,5),(600058,6),(600060,2),(600060,7),(600062,1),(600063,6),(600063,3),(600065,6),(600065,7),(600066,3),(600066,2),(600067,1),(600068,8),(600068,4),(600069,2),(600070,4),(600070,2),(600070,5),(600071,3),(600072,7),(600072,1),(600073,2),(600073,8),(600074,3),(600074,6),(600075,6),(600075,7),(600075,4),(600076,8),(600077,2),(600078,6),(600078,1),(600079,6),(600080,4),(600080,6),(600081,5),(600094,1),(600094,8),(600095,2),(600095,3),(600096,2),(600097,3),(600098,1),(600099,7),(600099,1),(600100,7),(600100,8),(600101,6),(600101,2),(600101,1),(600114,1),(600114,4),(600115,5),(600115,3),(600150,1),(600150,4),(600150,7),(600151,7),(600152,8),(600152,2),(600153,7),(600155,6),(600156,6),(600158,1),(600158,5),(600159,8),(600160,3),(600161,4),(600161,2),(600163,2),(600163,3),(600165,6),(600165,3),(600167,8),(600168,4),(600168,2),(600169,6),(600169,4),(600209,6),(600210,4),(600211,7),(600211,2),(600211,8),(600212,1),(600212,3),(600212,2),(600213,2),(600214,7),(600214,1),(600214,2),(600215,2),(600215,5),(600216,2),(600217,1),(600217,5),(600219,8),(600221,3),(600222,1),(600223,8),(600223,3),(600226,1),(600226,6),(600226,3),(600228,2),(600228,8),(600229,4),(600229,8),(600230,1),(600231,2),(600232,7),(600232,3),(600234,5),(600235,3),(600235,1),(600236,3),(600237,2),(600238,4),(600241,3),(600241,6),(600242,1),(600242,4),(600242,6),(600244,3),(600246,6),(600246,1),(600247,4),(600247,7),(600248,8),(600249,3),(600250,5),(600251,8),(600251,4),(600253,7),(600253,6),(600254,6),(600255,1),(600256,3),(600256,7),(600256,6),(600257,7),(600258,3),(600259,2),(600260,3),(600263,1),(600264,2),(600264,7),(600265,6),(600266,6),(600266,8),(600266,4),(600267,5),(600267,2),(600268,1),(600268,4),(600269,5),(600271,4),(600271,6),(600272,5),(600273,1),(600274,3),(600274,5),(600275,5),(600275,3),(600276,7),(600277,4),(600277,3),(600278,8),(600279,4),(600279,6),(600280,6),(600280,8),(600282,7),(600282,2),(600282,4),(600285,4),(600286,2),(600287,5),(600288,4),(600288,5),(600290,7),(600290,1),(600291,2),(600291,6),(600292,1),(600293,2),(600293,8),(600294,5),(600294,7),(600295,8),(600295,6),(600295,7),(600296,4),(600296,7),(600297,5),(600297,8),(600297,2),(600298,3),(600298,2),(600298,5),(600299,3),(600300,2),(600301,8),(600302,1),(600302,2),(600303,2),(600303,5),(600303,6),(600304,6),(600305,5),(600306,7),(600306,4),(600307,1),(600307,4),(600308,2),(600308,8),(600309,5),(600311,2),(600312,5),(600314,1),(600315,7),(600316,3),(600317,7),(600317,8),(600317,6),(600318,1),(600319,1),(600320,4),(600321,7),(600322,6),(600323,3),(600324,4),(600325,2),(600325,1),(600326,2),(600327,2),(600328,4),(600329,2),(600330,2),(600330,7),(600331,3),(600332,1),(600333,7),(600334,2),(600334,6),(600335,5),(600336,7),(600336,2),(600337,4),(600337,2),(600338,7),(600339,5),(600339,8),(600340,1),(600341,3),(600342,7),(600342,4),(600343,3),(600343,8),(600344,7),(600345,1),(600346,5),(600346,8),(600348,6),(600348,5),(600349,4),(600350,4),(600351,8),(600352,8),(600352,7),(600354,2),(600355,8),(600355,1),(600356,7),(600357,5),(600357,8),(600358,7),(600360,7),(600360,2),(600361,7),(600362,3),(600362,5),(600363,6),(600364,4),(600364,7),(600364,5),(600366,2),(600367,3),(600368,3),(600370,2),(600371,8),(600372,2),(600372,5),(600372,3),(600373,3),(600374,3),(600374,1),(600375,2),(600375,1),(600376,8),(600376,6),(600376,2),(600377,7),(600377,8),(600378,6),(600379,3),(600380,4),(600381,3),(600382,2),(600382,7),(600383,8),(600384,5),(600385,7),(600386,5),(600386,1),(600386,7),(600387,3),(600387,5),(600388,2),(600388,1),(600390,4),(600392,8),(600393,6),(600395,8),(600396,4),(600397,4),(600398,4),(600398,6),(600399,3),(600399,5),(600400,8),(600400,3),(600400,7),(600401,5),(600401,4),(600402,2),(600404,5),(600405,5),(600406,3),(600406,5),(600407,1),(600408,2),(600408,1),(600409,6),(600410,4),(600410,7),(600411,8),(600411,3),(600411,4),(600413,6),(600414,5),(600415,2),(600415,5),(600415,8),(600416,2),(600416,3),(600416,8),(600418,3),(600420,6),(600420,8),(600420,4),(600421,8),(600422,5),(600423,4),(600423,5),(600424,1),(600424,7),(600425,8),(600425,2),(600425,7),(600426,6),(600426,4),(600427,3),(600427,7),(600427,1),(600428,1),(600429,3),(600430,5),(600430,4),(600430,1),(600431,1),(600433,6),(600433,3),(600434,3),(600435,4),(600435,1),(600437,6),(600437,3),(600437,7),(600438,1),(600439,1),(600440,8),(600440,7),(600440,6),(600441,6),(600441,7),(600442,6),(600443,4),(600444,5),(600444,6),(600445,1),(600445,2),(600445,6),(600446,8),(600446,4),(600446,3),(600447,1),(600450,1),(600451,3),(600451,7),(600452,5),(600452,2),(600453,3),(600454,2),(600455,7),(600456,6),(600457,5),(600457,8),(600458,4),(600458,8),(600459,4),(600459,8),(600460,7),(600460,5),(600461,3),(600463,6),(600465,5),(600465,6),(600465,7),(600466,4),(600467,4),(600467,1),(600468,1),(600468,2),(600468,6),(600469,4),(600469,8),(600470,4),(600470,6),(600471,5),(600471,2),(600472,6),(600473,1),(600473,7),(600473,6),(600474,2),(600474,7),(600475,8),(600476,8),(600476,5),(600477,6),(600477,1),(600478,6),(600478,7),(600480,8),(600480,3),(600480,1),(600481,6),(600482,6),(600482,1),(600483,8),(600483,7),(600485,5),(600486,7),(600486,4),(600486,1),(600488,6),(600489,3),(600490,1),(600491,8),(600491,3),(600491,1),(600492,6),(600492,8),(600493,8),(600493,1),(600494,2),(600494,4),(600495,5),(600495,8),(600495,4),(600497,1),(600498,5),(600499,2),(600499,4),(600499,1),(600500,8),(600500,3),(600501,6),(600502,5),(600502,8),(600504,2),(600505,5),(600506,4),(600506,1),(600507,3),(600508,4),(600509,2),(600509,8),(600510,7),(600511,6),(600511,3),(600511,7),(600512,8),(600514,7),(600514,6),(600515,4),(600516,5),(600517,2),(600520,7),(600521,7),(600522,4),(600522,3),(600523,2),(600525,7),(600525,6),(600526,1),(600527,2),(600529,4),(600529,2),(600530,2),(600530,8),(600531,8),(600533,6),(600535,7),(600535,8),(600536,3),(600537,3),(600537,5),(600538,2),(600539,3),(600540,1),(600541,1),(600541,7),(600542,7),(600543,3),(600543,7),(600544,7),(600545,5),(600546,3),(600547,4),(600549,8),(600549,5),(600551,8),(600551,1),(600551,5),(600552,1),(600552,4),(600552,7),(600553,7),(600555,4),(600556,3),(600557,4),(600558,4),(600559,6),(600560,2),(600561,2),(600561,7),(600562,8),(600562,7),(600562,5),(600563,1),(600564,4),(600564,1),(600565,7),(600565,2),(600565,6),(600566,4),(600566,8),(600566,1),(600567,8),(600567,1),(600569,6),(600569,8),(600570,6),(600571,8),(600572,6),(600572,4),(600574,4),(600576,5),(600577,8),(600577,3),(600578,7),(600579,2),(600580,4),(600580,7),(600581,3),(600581,1),(600581,4),(600584,6),(600585,4),(600585,5),(600586,1),(600586,8),(600587,1),(600587,2),(600589,6),(600591,8),(600592,8),(600593,7),(600593,5),(600593,2),(600594,6),(600594,3),(600594,4),(600595,5),(600595,7),(600596,4),(600597,1),(600598,4),(600599,8),(600601,4),(600602,8),(600602,5),(600604,5),(600605,1),(600605,6),(600605,4),(600606,7),(600607,8),(600608,6),(600608,4),(600609,7),(600609,2),(600609,1),(600610,1),(600610,7),(600611,6),(600613,5),(600613,3),(600614,4),(600614,2),(600614,6),(600615,5),(600615,7),(600615,8),(600616,2),(600617,5),(600617,2),(600618,2),(600619,7),(600620,3),(600620,2),(600621,5),(600621,4),(600621,6),(600622,6),(600622,3),(600623,4),(600623,7),(600627,4),(600629,1),(600629,8),(600630,3),(600630,7),(600631,5),(600631,6),(600632,3),(600633,1),(600634,1),(600634,7),(600639,7),(600641,8),(600642,2),(600643,6),(600643,3),(600643,5),(600645,8),(600645,5),(600646,4),(600647,8),(600647,2),(600648,3),(600648,8),(600650,2),(600651,1),(600652,6),(600652,1),(600654,6),(600655,1),(600657,1),(600657,7),(600659,8),(600660,2),(600661,5),(600664,1),(600666,5),(600667,7),(600667,4),(600668,2),(600668,5),(600669,4),(600670,1),(600671,8),(600671,6),(600672,5),(600672,6),(600672,2),(600673,8),(600673,3),(600674,2),(600675,6),(600675,2),(600678,8),(600678,1),(600679,6),(600679,4),(600680,3),(600681,6),(600682,1),(600682,5),(600682,4),(600683,3),(600683,6),(600684,6),(600687,6),(600687,3),(600688,1),(600689,8),(600690,3),(600690,7),(600691,3),(600692,8),(600693,7),(600693,1),(600695,4),(600698,2),(600700,1),(600700,7),(600701,4),(600702,7),(600703,3),(600704,4),(600704,1),(600705,3),(600708,8),(600709,3),(600710,7),(600710,3),(600711,3),(600713,4),(600713,2),(600714,6),(600714,1),(600714,4),(600715,5),(600715,6),(600715,1),(600716,7),(600716,3),(600717,1),(600717,7),(600717,5),(600718,4),(600719,6),(600719,5),(600720,2),(600720,7),(600721,6),(600723,5),(600724,6),(600725,1),(600725,2),(600726,2),(600727,6),(600727,2),(600728,7),(600729,4),(600729,6),(600731,2),(600732,7),(600733,5),(600733,3),(600735,1),(600735,3),(600735,2),(600736,4),(600736,3),(600736,2),(600737,5),(600737,2),(600738,3),(600738,4),(600739,7),(600739,4),(600739,8),(600740,6),(600741,2),(600741,6),(600741,7),(600742,7),(600742,3),(600743,8),(600744,2),(600745,1),(600745,7),(600746,1),(600746,3),(600747,7),(600747,2),(600748,4),(600749,2),(600750,3),(600750,1),(600750,7),(600751,8),(600753,6),(600753,4),(600755,5),(600756,8),(600756,3),(600756,4),(600757,8),(600759,1),(600760,7),(600761,6),(600761,5),(600763,8),(600763,1),(600763,3),(600765,8),(600765,3),(600767,5),(600767,1),(600768,6),(600769,6),(600770,7),(600772,2),(600773,5),(600775,8),(600775,7),(600776,1),(600776,8),(600776,2),(600777,3),(600777,7),(600778,5),(600779,8),(600779,1),(600780,7),(600781,4),(600781,2),(600782,2),(600782,7),(600782,1),(600783,4),(600784,4),(600785,2),(600785,4),(600786,6),(600787,2),(600788,8),(600788,2),(600789,4),(600789,2),(600789,1),(600790,4),(600790,3),(600791,4),(600791,6),(600791,3),(600792,8),(600792,4),(600794,6),(600795,7),(600796,8),(600796,4),(600796,1),(600797,1),(600797,4),(600799,1),(600799,4),(600799,2),(600801,2),(600803,6),(600803,2),(600803,3),(600804,3),(600804,6),(600805,6),(600807,6),(600808,2),(600808,3),(600808,6),(600809,5),(600810,4),(600813,8),(600813,4),(600813,5),(600814,1),(600815,2),(600815,5),(600816,2),(600818,3),(600818,2),(600819,6),(600819,2),(600819,8),(600820,7),(600820,2),(600820,4),(600821,6),(600822,3),(600823,3),(600823,5),(600824,3),(600824,5),(600826,1),(600827,1),(600828,3),(600829,1),(600830,8),(600831,6),(600832,1),(600832,5),(600833,2),(600834,2),(600834,1),(600835,4),(600836,8),(600838,3),(600840,1),(600841,8),(600841,6),(600842,6),(600842,7),(600844,4),(600844,3),(600845,2),(600846,4),(600846,2),(600847,4),(600847,2),(600849,2),(600850,1),(600850,4),(600850,5),(600851,3),(600851,4),(600852,7),(600853,2),(600853,7),(600854,8),(600855,4),(600855,7),(600857,3),(600858,7),(600859,1),(600860,1),(600861,4),(600861,7),(600862,1),(600863,4),(600864,3),(600864,1),(600865,1),(600868,3),(600868,7),(600869,2),(600869,6),(600870,1),(600872,7),(600873,7),(600875,3),(600875,8),(600876,3),(600877,5),(600877,1),(600878,2),(600878,8),(600879,3),(600880,3),(600880,7),(600881,1),(600882,4),(600883,7),(600883,4),(600884,6),(600886,8),(600887,5),(600887,7),(600888,2),(600889,7),(600889,3),(600890,5),(600890,2),(600891,3),(600894,4),(600896,7),(600896,8),(600897,5),(600897,4),(600898,1),(600898,7),(600898,4),(600899,8),(600899,4),(600900,4),(600901,7),(600902,7),(600903,2),(600903,4),(600904,3),(600904,6),(600905,7),(600905,8),(600906,6),(600906,1),(600907,7),(600907,8),(600908,4),(600908,3),(600908,2),(600909,3),(600910,6),(600910,7),(600910,3),(600913,5),(600913,6),(600914,4),(600914,6),(600915,1),(600916,6),(600917,1),(600918,2),(600919,5),(600920,5),(600921,1),(600921,6),(600921,7),(600922,8),(600922,6),(600923,1),(600924,8),(600925,2),(600926,5),(600926,6),(600927,7),(600928,5),(600929,3),(600929,2),(600929,5),(600930,8),(600931,7),(600931,8),(600931,6),(600932,7),(600933,4),(600934,4),(600934,6),(600935,7),(600935,3),(600938,1),(600938,6),(600939,1),(600939,5),(600941,3),(600942,1),(600943,4),(600943,3),(600943,2),(600944,2),(600945,1),(600946,8),(600946,5),(600949,3),(600950,7),(600950,2),(600952,1),(600953,1),(600954,4),(600955,6),(600955,7),(600956,3),(600956,8),(600957,3),(600957,5),(600957,8),(600958,7),(600959,1),(600959,4),(600960,4),(600961,1),(600961,4),(600962,2),(600962,8),(600963,2),(600964,2),(600964,7),(600965,3),(600965,7),(600965,6),(600966,8),(600967,5),(600968,8),(600968,7),(600969,2),(600969,4),(600971,4),(600971,1),(600973,4),(600973,6),(600974,3),(600975,3),(600975,4),(600976,2),(600976,1),(600977,4),(600978,1),(600978,4),(600979,7),(600980,1),(600981,3),(600981,1),(600982,5),(600983,1),(600984,1),(600987,2),(600987,8),(600988,8),(600989,8),(600990,1),(600994,4),(600994,6),(600994,2),(600995,2),(600995,4),(600997,1),(600999,6),(601000,1),(601000,3),(601001,1),(601003,3),(601005,6),(601006,8),(601006,1),(601007,7),(601007,8),(601008,2),(601009,8),(601009,6),(601010,7),(601011,3),(601012,2),(601012,7),(601012,6),(601013,6),(601013,4),(601015,6),(601017,8),(601018,5),(601018,4),(601019,1),(601021,1),(601021,5),(601022,7),(601022,8),(601023,7),(601023,4),(601023,5),(601025,7),(601027,5),(601027,6),(601031,3),(601031,7),(601033,1),(601034,5),(601034,4),(601035,5),(601036,6),(601036,4),(601040,4),(601041,2),(601044,1),(601044,5),(601045,7),(601046,1),(601047,5),(601048,8),(601048,1),(601048,5),(601050,7),(601052,1),(601052,5),(601053,3),(601054,3),(601055,3),(601056,7),(601056,4),(601058,6),(601058,5),(601059,6),(601060,6),(601060,8),(601060,5),(601062,8),(601062,3),(601062,1),(601063,7),(601063,1),(601064,2),(601067,1),(601067,2),(601068,1),(601069,2),(601069,8),(601070,4),(601071,3),(601072,3),(601072,2),(601073,5),(601073,8),(601074,7),(601074,8),(601074,2),(601077,3),(601078,8),(601079,5),(601080,7),(601081,3),(601081,4),(601082,2),(601082,7),(601083,2),(601083,1),(601084,1),(601084,2),(601084,8),(601085,8),(601085,6),(601086,1),(601087,1),(601087,2),(601088,3),(601088,1),(601091,3),(601091,1),(601091,5),(601092,6),(601092,8),(601092,7),(601093,6),(601094,6),(601094,3),(601095,2),(601095,3),(601098,4),(601098,7),(601099,8),(601101,6),(601103,7),(601104,1),(601104,8),(601104,2),(601105,1),(601105,8),(601106,6),(601106,2),(601108,7),(601108,1),(601110,3),(601110,8),(601111,8),(601112,8),(601112,2),(601113,8),(601113,3),(601114,1),(601114,5),(601114,2),(601115,8),(601116,4),(601116,2),(601117,5),(601118,7),(601119,8),(601121,4),(601121,3),(601122,3),(601124,7),(601124,8),(601126,5),(601126,4),(601128,1),(601129,5),(601129,8),(601129,7),(601130,6),(601130,2),(601131,4),(601132,1),(601133,7),(601134,5),(601134,4),(601135,4),(601136,4),(601137,8),(601138,7),(601138,2),(601138,5),(601140,4),(601140,5),(601141,4),(601141,6),(601142,4),(601142,7),(601143,1),(601144,5),(601147,6),(601148,2),(601148,5),(601149,6),(601150,7),(601150,3),(601151,2),(601152,7),(601152,4),(601153,2),(601154,2),(601155,8),(601155,3),(601159,3),(601160,1),(601160,5),(601161,3),(601161,4),(601161,5),(601162,6),(601163,7),(601163,5),(601163,3),(601164,2),(601164,3),(601165,5),(601165,6),(601166,8),(601167,3),(601167,8),(601167,7),(601168,1),(601168,2),(601170,5),(601171,7),(601171,2),(601172,8),(601172,1),(601173,7),(601174,7),(601174,8),(601175,6),(601175,5),(601176,3),(601176,5),(601177,8),(601177,4),(601180,2),(601181,5),(601182,7),(601182,8),(601183,2),(601184,7),(601184,4),(601185,4),(601186,2),(601186,6),(601187,1),(601187,5),(601187,7),(601188,2),(601190,4),(601191,4),(601192,6),(601193,8),(601194,8),(601194,1),(601194,3),(601196,3),(601196,7),(601197,2),(601199,1),(601199,4),(601200,5),(601202,3),(601202,7),(601203,6),(601203,8),(601204,4),(601204,7),(601205,3),(601206,7),(601206,8),(601206,1),(601208,1),(601208,5),(601209,8),(601210,8),(601211,3),(601212,7),(601212,2),(601212,5),(601213,4),(601213,3),(601215,6),(601215,3),(601216,2),(601216,1),(601217,1),(601217,4),(601218,8),(601218,2),(601219,7),(601219,4),(601220,3),(601220,1),(601221,4),(601221,7),(601222,4),(601222,5),(601223,5),(601223,7),(601226,5),(601227,5),(601227,3),(601228,8),(601231,2),(601231,4),(601231,7),(601232,8),(601233,7),(601233,3),(601233,1),(601234,1),(601234,3),(601236,8),(601236,1),(601237,5),(601237,6),(601237,2),(601239,2),(601239,8),(601241,6),(601241,2),(601241,3),(601244,7),(601248,4),(601249,5),(601249,7),(601251,8),(601252,6),(601252,1),(601252,8),(601253,3),(601254,5),(601256,6),(601258,4),(601260,4),(601260,2),(601261,3),(601262,6),(601262,2),(601263,2),(601264,2),(601265,4),(601267,8),(601268,1),(601268,5),(601269,5),(601270,4),(601271,4),(601273,1),(601273,4),(601273,7),(601274,7),(601274,1),(601276,4),(601277,7),(601278,4),(601279,1),(601280,1),(601281,6),(601282,2),(601283,4),(601284,5),(601284,3),(601285,2),(601286,2),(601286,8),(601286,1),(601287,7),(601287,8),(601288,7),(601289,8),(601290,6),(601291,5),(601291,7),(601292,2),(601292,3),(601293,8),(601293,2),(601294,4),(601294,3),(601294,7),(601295,3),(601297,4),(601298,3),(601298,1),(601298,4),(601299,8),(601299,6),(601299,4),(601300,5),(601301,7),(601302,3),(601304,6),(601304,7),(601305,5),(601305,8),(601306,6),(601307,5),(601308,8),(601309,8);
INSERT INTO Reservation_Vol(CodeReservation,NumVol) VALUES (600001,3101),(600002,3101),(600003,3101),(600004,3101),(600005,3101),(600006,3101),(600007,3101),(600008,3101),(600009,3101),(600010,3101),(600011,3101),(600012,3101),(600013,3101),(600014,3101),(600015,3101),(600016,3101),(600017,3101),(600018,3101),(600019,3101),(600020,3101),(600021,3101),(600022,3101),(600023,3101),(600024,3101),(600038,3104),(600039,3104),(600040,3104),(600041,3104),(600042,3104),(600043,3104),(600044,3104),(600045,3104),(600046,3104),(600047,3104),(600048,3104),(600049,3104),(600050,3104),(600051,3104),(600052,3104),(600053,3104),(600054,3104),(600055,3104),(600056,3104),(600057,3104),(600058,3105),(600059,3105),(600060,3105),(600061,3105),(600062,3105),(600063,3105),(600064,3105),(600065,3105),(600066,3105),(600067,3105),(600068,3105),(600069,3105),(600070,3105),(600071,3105),(600072,3105),(600073,3105),(600074,3105),(600075,3105),(600076,3105),(600077,3105),(600078,3105),(600079,3105),(600080,3105),(600081,3105),(600094,3108),(600095,3108),(600096,3108),(600097,3108),(600098,3108),(600099,3108),(600100,3108),(600101,3108),(600114,3111),(600115,3111),(600116,3111),(600150,3117),(600151,3117),(600152,3117),(600153,3117),(600154,3117),(600155,3117),(600156,3117),(600157,3117),(600158,3117),(600159,3117),(600160,3117),(600161,3117),(600162,3117),(600163,3117),(600164,3117),(600165,3117),(600166,3117),(600167,3117),(600168,3117),(600169,3117),(600209,3124),(600210,3124),(600211,3124),(600212,3124),(600213,3124),(600214,3125),(600215,3125),(600216,3125),(600217,3125),(600218,3125),(600219,3125),(600220,3126),(600221,3126),(600222,3126),(600223,3126),(600224,3126),(600225,3126),(600226,3127),(600227,3127),(600228,3127),(600229,3127),(600230,3127),(600231,3127),(600232,3127),(600233,3127),(600234,3127),(600235,3127),(600236,3127),(600237,3127),(600238,3127),(600239,3127),(600240,3127),(600241,3127),(600242,3127),(600243,3127),(600244,3127),(600245,3127),(600246,3127),(600247,3128),(600248,3128),(600249,3128),(600250,3128),(600251,3128),(600252,3128),(600253,3129),(600254,3129),(600255,3129),(600256,3129),(600257,3129),(600258,3129),(600259,3130),(600260,3130),(600261,3130),(600262,3130),(600263,3130),(600264,3130),(600265,3130),(600266,3131),(600267,3131),(600268,3131),(600269,3131),(600270,3131),(600271,3131),(600272,3131),(600273,3132),(600274,3132),(600275,3132),(600276,3132),(600277,3132),(600278,3132),(600279,3132),(600280,3133),(600281,3133),(600282,3133),(600283,3133),(600284,3133),(600285,3133),(600286,3134),(600287,3134),(600288,3134),(600289,3134),(600290,3134),(600291,3134),(600292,3135),(600293,3135),(600294,3135),(600295,3135),(600296,3135),(600297,3135),(600298,3135),(600299,3135),(600300,3135),(600301,3135),(600302,3135),(600303,3135),(600304,3135),(600305,3135),(600306,3135),(600307,3135),(600308,3135),(600309,3135),(600310,3135),(600311,3135),(600312,3135),(600313,3135),(600314,3135),(600315,3135),(600316,3136),(600317,3136),(600318,3136),(600319,3136),(600320,3136),(600321,3136),(600322,3137),(600323,3137),(600324,3137),(600325,3137),(600326,3137),(600327,3137),(600328,3137),(600329,3138),(600330,3138),(600331,3139),(600332,3139),(600333,3139),(600334,3139),(600335,3139),(600336,3139),(600337,3140),(600338,3140),(600339,3140),(600340,3140),(600341,3140),(600342,3140),(600343,3141),(600344,3141),(600345,3141),(600346,3141),(600347,3141),(600348,3141),(600349,3141),(600350,3142),(600351,3142),(600352,3142),(600353,3142),(600354,3142),(600355,3142),(600356,3143),(600357,3143),(600358,3143),(600359,3143),(600360,3143),(600361,3143),(600362,3144),(600363,3144),(600364,3144),(600365,3144),(600366,3144),(600367,3144),(600368,3144),(600369,3144),(600370,3144),(600371,3144),(600372,3144),(600373,3144),(600374,3144),(600375,3144),(600376,3144),(600377,3144),(600378,3144),(600379,3144),(600380,3144),(600381,3144),(600382,3144),(600383,3144),(600384,3145),(600385,3145),(600386,3145),(600387,3145),(600388,3145),(600389,3145),(600390,3146),(600391,3146),(600392,3146),(600393,3146),(600394,3146),(600395,3146),(600396,3147),(600397,3147),(600398,3147),(600399,3147),(600400,3147),(600401,3147),(600402,3147),(600403,3147),(600404,3147),(600405,3147),(600406,3147),(600407,3147),(600408,3147),(600409,3147),(600410,3147),(600411,3147),(600412,3147),(600413,3147),(600414,3147),(600415,3147),(600416,3147),(600417,3147),(600418,3147),(600419,3147),(600420,3148),(600421,3148),(600422,3148),(600423,3148),(600424,3148),(600425,3148),(600426,3148),(600427,3148),(600428,3148),(600429,3148),(600430,3148),(600431,3148),(600432,3148),(600433,3148),(600434,3148),(600435,3148),(600436,3148),(600437,3148),(600438,3148),(600439,3148),(600440,3148),(600441,3148),(600442,3148),(600443,3148),(600444,3148),(600445,3148),(600446,3148),(600447,3149),(600448,3149),(600449,3149),(600450,3150),(600451,3150),(600452,3150),(600453,3150),(600454,3150),(600455,3150),(600456,3150),(600457,3150),(600458,3150),(600459,3150),(600460,3150),(600461,3150),(600462,3150),(600463,3150),(600464,3150),(600465,3150),(600466,3150),(600467,3150),(600468,3150),(600469,3150),(600470,3150),(600471,3150),(600472,3150),(600473,3150),(600474,3150),(600475,3150),(600476,3150),(600477,3150),(600478,3150),(600479,3151),(600480,3151),(600481,3151),(600482,3151),(600483,3151),(600484,3151),(600485,3151),(600486,3152),(600487,3152),(600488,3152),(600489,3152),(600490,3152),(600491,3152),(600492,3152),(600493,3152),(600494,3152),(600495,3152),(600496,3152),(600497,3152),(600498,3152),(600499,3152),(600500,3152),(600501,3152),(600502,3152),(600503,3152),(600504,3152),(600505,3152),(600506,3153),(600507,3153),(600508,3153),(600509,3153),(600510,3153),(600511,3153),(600512,3153),(600513,3154),(600514,3154),(600515,3154),(600516,3154),(600517,3154),(600518,3154),(600519,3155),(600520,3155),(600521,3155),(600522,3155),(600523,3155),(600524,3155),(600525,3155),(600526,3156),(600527,3156),(600528,3156),(600529,3156),(600530,3156),(600531,3156),(600532,3157),(600533,3157),(600534,3157),(600535,3157),(600536,3157),(600537,3157),(600538,3158),(600539,3158),(600540,3158),(600541,3158),(600542,3158),(600543,3158),(600544,3158),(600545,3158),(600546,3158),(600547,3158),(600548,3158),(600549,3158),(600550,3158),(600551,3158),(600552,3158),(600553,3158),(600554,3158),(600555,3158),(600556,3158),(600557,3158),(600558,3158),(600559,3158),(600560,3158),(600561,3158),(600562,3158),(600563,3158),(600564,3158),(600565,3158),(600566,3158),(600567,3159),(600568,3159),(600569,3159),(600570,3159),(600571,3159),(600572,3159),(600573,3160),(600574,3160),(600575,3160),(600576,3160),(600577,3160),(600578,3160),(600579,3161),(600580,3161),(600581,3161),(600582,3161),(600583,3161),(600584,3161),(600585,3162),(600586,3162),(600587,3162),(600588,3162),(600589,3162),(600590,3162),(600591,3163),(600592,3163),(600593,3163),(600594,3163),(600595,3163),(600596,3163),(600597,3164),(600598,3164),(600599,3164),(600600,3164),(600601,3164),(600602,3164),(600603,3165),(600604,3165),(600605,3165),(600606,3166),(600607,3166),(600608,3166),(600609,3166),(600610,3167),(600611,3167),(600612,3167),(600613,3167),(600614,3167),(600615,3167),(600616,3167),(600617,3168),(600618,3168),(600619,3168),(600620,3168),(600621,3168),(600622,3168),(600623,3169),(600624,3169),(600625,3169),(600626,3169),(600627,3169),(600628,3169),(600629,3170),(600630,3170),(600631,3170),(600632,3170),(600633,3170),(600634,3170),(600635,3170),(600636,3171),(600637,3171),(600638,3171),(600639,3171),(600640,3171),(600641,3171),(600642,3172),(600643,3172),(600644,3172),(600645,3172),(600646,3172),(600647,3172),(600648,3172),(600649,3172),(600650,3172),(600651,3172),(600652,3172),(600653,3172),(600654,3172),(600655,3172),(600656,3172),(600657,3172),(600658,3172),(600659,3172),(600660,3172),(600661,3172),(600662,3172),(600663,3172),(600664,3172),(600665,3172),(600666,3172),(600667,3172),(600668,3173),(600669,3173),(600670,3173),(600671,3173),(600672,3173),(600673,3173),(600674,3173),(600675,3174),(600676,3174),(600677,3174),(600678,3174),(600679,3174),(600680,3174),(600681,3175),(600682,3175),(600683,3175),(600684,3175),(600685,3175),(600686,3175),(600687,3175),(600688,3176),(600689,3177),(600690,3177),(600691,3177),(600692,3177),(600693,3177),(600694,3177),(600695,3177),(600696,3177),(600697,3177),(600698,3177),(600699,3177),(600700,3177),(600701,3177),(600702,3177),(600703,3177),(600704,3177),(600705,3177),(600706,3177),(600707,3177),(600708,3177),(600709,3177),(600710,3177),(600711,3177),(600712,3178),(600713,3178),(600714,3178),(600715,3178),(600716,3178),(600717,3178),(600718,3178),(600719,3178),(600720,3178),(600721,3178),(600722,3178),(600723,3178),(600724,3178),(600725,3178),(600726,3178),(600727,3178),(600728,3178),(600729,3178),(600730,3178),(600731,3178),(600732,3178),(600733,3178),(600734,3178),(600735,3178),(600736,3179),(600737,3179),(600738,3179),(600739,3179),(600740,3179),(600741,3179),(600742,3180),(600743,3180),(600744,3180),(600745,3180),(600746,3180),(600747,3180),(600748,3180),(600749,3180),(600750,3180),(600751,3180),(600752,3180),(600753,3180),(600754,3180),(600755,3180),(600756,3180),(600757,3180),(600758,3180),(600759,3180),(600760,3180),(600761,3180),(600762,3180),(600763,3180),(600764,3180),(600765,3180),(600766,3180),(600767,3180),(600768,3180),(600769,3180),(600770,3181),(600771,3181),(600772,3181),(600773,3181),(600774,3181),(600775,3181),(600776,3182),(600777,3182),(600778,3182),(600779,3182),(600780,3182),(600781,3182),(600782,3183),(600783,3183),(600784,3183),(600785,3183),(600786,3183),(600787,3183),(600788,3184),(600789,3184),(600790,3184),(600791,3184),(600792,3184),(600793,3184),(600794,3185),(600795,3185),(600796,3186),(600797,3186),(600798,3186),(600799,3186),(600800,3186),(600801,3186),(600802,3186),(600803,3187),(600804,3187),(600805,3187),(600806,3187),(600807,3187),(600808,3187),(600809,3188),(600810,3188),(600811,3188),(600812,3188),(600813,3188),(600814,3188),(600815,3188),(600816,3189),(600817,3189),(600818,3189),(600819,3189),(600820,3189),(600821,3189),(600822,3189),(600823,3190),(600824,3190),(600825,3190),(600826,3190),(600827,3190),(600828,3190),(600829,3190),(600830,3191),(600831,3191),(600832,3191),(600833,3191),(600834,3191),(600835,3191),(600836,3191),(600837,3191),(600838,3191),(600839,3191),(600840,3191),(600841,3191),(600842,3191),(600843,3191),(600844,3191),(600845,3191),(600846,3191),(600847,3191),(600848,3191),(600849,3191),(600850,3191),(600851,3191),(600852,3191),(600853,3192),(600854,3192),(600855,3192),(600856,3192),(600857,3192),(600858,3192),(600859,3192),(600860,3193),(600861,3193),(600862,3193),(600863,3193),(600864,3193),(600865,3193),(600866,3194),(600867,3194),(600868,3194),(600869,3194),(600870,3194),(600871,3194),(600872,3195),(600873,3195),(600874,3195),(600875,3195),(600876,3195),(600877,3195),(600878,3195),(600879,3195),(600880,3195),(600881,3195),(600882,3195),(600883,3195),(600884,3195),(600885,3195),(600886,3195),(600887,3195),(600888,3195),(600889,3195),(600890,3195),(600891,3195),(600892,3195),(600893,3195),(600894,3195),(600895,3195),(600896,3196),(600897,3196),(600898,3196),(600899,3196),(600900,3196),(600901,3196),(600902,3197),(600903,3197),(600904,3197),(600905,3197),(600906,3197),(600907,3197),(600908,3198),(600909,3198),(600910,3198),(600911,3198),(600912,3198),(600913,3198),(600914,3199),(600915,3199),(600916,3199),(600917,3199),(600918,3199),(600919,3199),(600920,3200),(600921,3200),(600922,3200),(600923,3200),(600924,3200),(600925,3200),(600926,3201),(600927,3201),(600928,3201),(600929,3201),(600930,3201),(600931,3201),(600932,3201),(600933,3202),(600934,3202),(600935,3202),(600936,3202),(600937,3202),(600938,3202),(600939,3203),(600940,3203),(600941,3203),(600942,3203),(600943,3203),(600944,3203),(600945,3204),(600946,3204),(600947,3204),(600948,3204),(600949,3204),(600950,3204),(600951,3205),(600952,3205),(600953,3205),(600954,3205),(600955,3205),(600956,3205),(600957,3205),(600958,3206),(600959,3206),(600960,3206),(600961,3206),(600962,3206),(600963,3206),(600964,3207),(600965,3207),(600966,3207),(600967,3207),(600968,3207),(600969,3207),(600970,3208),(600971,3208),(600972,3208),(600973,3208),(600974,3208),(600975,3208),(600976,3208),(600977,3208),(600978,3208),(600979,3208),(600980,3208),(600981,3208),(600982,3208),(600983,3208),(600984,3208),(600985,3208),(600986,3208),(600987,3208),(600988,3208),(600989,3209),(600990,3209),(600991,3209),(600992,3209),(600993,3209),(600994,3209),(600995,3210),(600996,3210),(600997,3210),(600998,3210),(600999,3210),(601000,3210),(601001,3211),(601002,3211),(601003,3211),(601004,3211),(601005,3211),(601006,3211),(601007,3211),(601008,3211),(601009,3211),(601010,3211),(601011,3211),(601012,3211),(601013,3211),(601014,3211),(601015,3211),(601016,3211),(601017,3211),(601018,3211),(601019,3211),(601020,3211),(601021,3211),(601022,3211),(601023,3211),(601024,3212),(601025,3212),(601026,3212),(601027,3212),(601028,3212),(601029,3212),(601030,3213),(601031,3213),(601032,3213),(601033,3213),(601034,3213),(601035,3213),(601036,3213),(601037,3213),(601038,3213),(601039,3213),(601040,3213),(601041,3213),(601042,3213),(601043,3213),(601044,3213),(601045,3213),(601046,3213),(601047,3213),(601048,3213),(601049,3213),(601050,3213),(601051,3213),(601052,3213),(601053,3213),(601054,3213),(601055,3213),(601056,3213),(601057,3213),(601058,3214),(601059,3214),(601060,3215),(601061,3215),(601062,3215),(601063,3215),(601064,3215),(601065,3215),(601066,3215),(601067,3216),(601068,3216),(601069,3216),(601070,3216),(601071,3216),(601072,3216),(601073,3217),(601074,3217),(601075,3217),(601076,3217),(601077,3217),(601078,3217),(601079,3218),(601080,3218),(601081,3218),(601082,3218),(601083,3218),(601084,3218),(601085,3219),(601086,3219),(601087,3219),(601088,3219),(601089,3219),(601090,3219),(601091,3220),(601092,3221),(601093,3221),(601094,3221),(601095,3222),(601096,3222),(601097,3222),(601098,3222),(601099,3222),(601100,3222),(601101,3222),(601102,3222),(601103,3223),(601104,3223),(601105,3223),(601106,3223),(601107,3223),(601108,3223),(601109,3223),(601110,3224),(601111,3224),(601112,3224),(601113,3224),(601114,3224),(601115,3224),(601116,3225),(601117,3225),(601118,3225),(601119,3225),(601120,3225),(601121,3225),(601122,3226),(601123,3226),(601124,3226),(601125,3226),(601126,3226),(601127,3226),(601128,3226),(601129,3227),(601130,3227),(601131,3227),(601132,3227),(601133,3227),(601134,3227),(601135,3227),(601136,3227),(601137,3227),(601138,3227),(601139,3227),(601140,3227),(601141,3227),(601142,3227),(601143,3227),(601144,3227),(601145,3227),(601146,3227),(601147,3227),(601148,3227),(601149,3227),(601150,3227),(601151,3228),(601152,3228),(601153,3228),(601154,3228),(601155,3228),(601156,3228),(601157,3228),(601158,3228),(601159,3228),(601160,3228),(601161,3228),(601162,3228),(601163,3228),(601164,3228),(601165,3228),(601166,3228),(601167,3228),(601168,3228),(601169,3228),(601170,3228),(601171,3228),(601172,3228),(601173,3228),(601174,3228),(601175,3228),(601176,3229),(601177,3229),(601178,3229),(601179,3229),(601180,3229),(601181,3229),(601182,3229),(601183,3230),(601184,3230),(601185,3230),(601186,3230),(601187,3230),(601188,3230),(601189,3231),(601190,3231),(601191,3231),(601192,3231),(601193,3231),(601194,3231),(601195,3232),(601196,3232),(601197,3232),(601198,3232),(601199,3232),(601200,3232),(601201,3233),(601202,3233),(601203,3233),(601204,3233),(601205,3233),(601206,3233),(601207,3234),(601208,3234),(601209,3234),(601210,3234),(601211,3234),(601212,3234),(601213,3234),(601214,3235),(601215,3235),(601216,3235),(601217,3235),(601218,3235),(601219,3235),(601220,3235),(601221,3236),(601222,3236),(601223,3236),(601224,3236),(601225,3236),(601226,3236),(601227,3237),(601228,3237),(601229,3237),(601230,3237),(601231,3237),(601232,3237),(601233,3238),(601234,3238),(601235,3238),(601236,3238),(601237,3238),(601238,3238),(601239,3239),(601240,3239),(601241,3239),(601242,3239),(601243,3239),(601244,3239),(601245,3240),(601246,3240),(601247,3240),(601248,3240),(601249,3240),(601250,3240),(601251,3241),(601252,3241),(601253,3241),(601254,3241),(601255,3241),(601256,3241),(601257,3242),(601258,3242),(601259,3242),(601260,3242),(601261,3242),(601262,3242),(601263,3243),(601264,3243),(601265,3243),(601266,3244),(601267,3244),(601268,3244),(601269,3244),(601270,3244),(601271,3244),(601272,3244),(601273,3245),(601274,3245),(601275,3245),(601276,3245),(601277,3245),(601278,3245),(601279,3246),(601280,3246),(601281,3246),(601282,3246),(601283,3246),(601284,3246),(601285,3246),(601286,3247),(601287,3247),(601288,3247),(601289,3247),(601290,3248),(601291,3248),(601292,3248),(601293,3248),(601294,3248),(601295,3248),(601296,3248),(601297,3249),(601298,3249),(601299,3249),(601300,3249),(601301,3249),(601302,3249),(601303,3250),(601304,3250),(601305,3250),(601306,3250),(601307,3250),(601308,3250),(601309,3250);
INSERT INTO Siege(NumSiege,Rangee,Immatriculation) VALUES (1,'1A','AC001'),(2,'1B','AC001'),(3,'1C','AC001'),(4,'1D','AC001'),(5,'1E','AC001'),(6,'1F','AC001'),(7,'2A','AC001'),(8,'2B','AC001'),(9,'2C','AC001'),(10,'2D','AC001'),(11,'2E','AC001'),(12,'2F','AC001'),(13,'3A','AC001'),(14,'3B','AC001'),(15,'3C','AC001'),(16,'3D','AC001'),(17,'3E','AC001'),(18,'3F','AC001'),(19,'4A','AC001'),(20,'4B','AC001'),(21,'4C','AC001'),(22,'4D','AC001'),(1,'1A','AC002'),(2,'1B','AC002'),(3,'1C','AC002'),(4,'1D','AC002'),(5,'1E','AC002'),(6,'1F','AC002'),(7,'2A','AC002'),(8,'2B','AC002'),(9,'2C','AC002'),(10,'2D','AC002'),(11,'2E','AC002'),(12,'2F','AC002'),(13,'3A','AC002'),(14,'3B','AC002'),(15,'3C','AC002'),(16,'3D','AC002'),(17,'3E','AC002'),(18,'3F','AC002'),(19,'4A','AC002'),(20,'4B','AC002'),(1,'1A','AC003'),(2,'1B','AC003'),(3,'1C','AC003'),(4,'1D','AC003'),(5,'1E','AC003'),(6,'1F','AC003'),(7,'2A','AC003'),(8,'2B','AC003'),(9,'2C','AC003'),(10,'2D','AC003'),(11,'2E','AC003'),(12,'2F','AC003'),(13,'3A','AC003'),(14,'3B','AC003'),(15,'3C','AC003'),(16,'3D','AC003'),(17,'3E','AC003'),(18,'3F','AC003'),(19,'4A','AC003'),(20,'4B','AC003'),(21,'4C','AC003'),(22,'4D','AC003'),(23,'4E','AC003'),(1,'1A','AC004'),(2,'1B','AC004'),(3,'1C','AC004'),(4,'1D','AC004'),(5,'1E','AC004'),(6,'1F','AC004'),(7,'2A','AC004'),(8,'2B','AC004'),(9,'2C','AC004'),(10,'2D','AC004'),(11,'2E','AC004'),(12,'2F','AC004'),(13,'3A','AC004'),(14,'3B','AC004'),(15,'3C','AC004'),(16,'3D','AC004'),(17,'3E','AC004'),(18,'3F','AC004'),(19,'4A','AC004'),(20,'4B','AC004'),(21,'4C','AC004'),(22,'4D','AC004'),(23,'4E','AC004'),(24,'4F','AC004'),(25,'5A','AC004'),(1,'1A','AC005'),(2,'1B','AC005'),(3,'1C','AC005'),(4,'1D','AC005'),(5,'1E','AC005'),(6,'1F','AC005'),(7,'2A','AC005'),(8,'2B','AC005'),(9,'2C','AC005'),(10,'2D','AC005'),(11,'2E','AC005'),(12,'2F','AC005'),(13,'3A','AC005'),(14,'3B','AC005'),(15,'3C','AC005'),(16,'3D','AC005'),(17,'3E','AC005'),(18,'3F','AC005'),(19,'4A','AC005'),(20,'4B','AC005'),(21,'4C','AC005'),(22,'4D','AC005'),(23,'4E','AC005'),(24,'4F','AC005'),(25,'5A','AC005'),(1,'1A','AC006'),(2,'1B','AC006'),(3,'1C','AC006'),(4,'1D','AC006'),(5,'1E','AC006'),(6,'1F','AC006'),(7,'2A','AC006'),(8,'2B','AC006'),(9,'2C','AC006'),(10,'2D','AC006'),(11,'2E','AC006'),(12,'2F','AC006'),(13,'3A','AC006'),(14,'3B','AC006'),(15,'3C','AC006'),(16,'3D','AC006'),(17,'3E','AC006'),(18,'3F','AC006'),(19,'4A','AC006'),(20,'4B','AC006'),(21,'4C','AC006'),(22,'4D','AC006'),(23,'4E','AC006'),(24,'4F','AC006'),(25,'5A','AC006'),(1,'1A','AC007'),(2,'1B','AC007'),(3,'1C','AC007'),(4,'1D','AC007'),(5,'1E','AC007'),(6,'1F','AC007'),(7,'2A','AC007'),(8,'2B','AC007'),(9,'2C','AC007'),(10,'2D','AC007'),(11,'2E','AC007'),(12,'2F','AC007'),(13,'3A','AC007'),(14,'3B','AC007'),(15,'3C','AC007'),(16,'3D','AC007'),(17,'3E','AC007'),(18,'3F','AC007'),(19,'4A','AC007'),(20,'4B','AC007'),(21,'4C','AC007'),(22,'4D','AC007'),(23,'4E','AC007'),(24,'4F','AC007'),(1,'1A','AC008'),(2,'1B','AC008'),(3,'1C','AC008'),(4,'1D','AC008'),(5,'1E','AC008'),(6,'1F','AC008'),(7,'2A','AC008'),(8,'2B','AC008'),(9,'2C','AC008'),(10,'2D','AC008'),(11,'2E','AC008'),(12,'2F','AC008'),(13,'3A','AC008'),(14,'3B','AC008'),(15,'3C','AC008'),(16,'3D','AC008'),(17,'3E','AC008'),(18,'3F','AC008'),(19,'4A','AC008'),(20,'4B','AC008'),(21,'4C','AC008'),(22,'4D','AC008'),(23,'4E','AC008'),(24,'4F','AC008'),(25,'5A','AC008'),(1,'1A','AC009'),(2,'1B','AC009'),(3,'1C','AC009'),(4,'1D','AC009'),(5,'1E','AC009'),(6,'1F','AC009'),(7,'2A','AC009'),(8,'2B','AC009'),(9,'2C','AC009'),(10,'2D','AC009'),(11,'2E','AC009'),(12,'2F','AC009'),(13,'3A','AC009'),(14,'3B','AC009'),(15,'3C','AC009'),(16,'3D','AC009'),(17,'3E','AC009'),(18,'3F','AC009'),(19,'4A','AC009'),(20,'4B','AC009'),(1,'1A','AC010'),(2,'1B','AC010'),(3,'1C','AC010'),(4,'1D','AC010'),(5,'1E','AC010'),(6,'1F','AC010'),(7,'2A','AC010'),(8,'2B','AC010'),(9,'2C','AC010'),(10,'2D','AC010'),(11,'2E','AC010'),(12,'2F','AC010'),(13,'3A','AC010'),(14,'3B','AC010'),(15,'3C','AC010'),(16,'3D','AC010'),(17,'3E','AC010'),(18,'3F','AC010'),(19,'4A','AC010'),(20,'4B','AC010'),(1,'1A','AC011'),(2,'1B','AC011'),(3,'1C','AC011'),(4,'1D','AC011'),(5,'1E','AC011'),(6,'1F','AC011'),(7,'2A','AC011'),(8,'2B','AC011'),(9,'2C','AC011'),(10,'2D','AC011'),(11,'2E','AC011'),(12,'2F','AC011'),(13,'3A','AC011'),(14,'3B','AC011'),(15,'3C','AC011'),(16,'3D','AC011'),(17,'3E','AC011'),(18,'3F','AC011'),(19,'4A','AC011'),(20,'4B','AC011'),(1,'1A','AC012'),(2,'1B','AC012'),(3,'1C','AC012'),(4,'1D','AC012'),(5,'1E','AC012'),(6,'1F','AC012'),(7,'2A','AC012'),(8,'2B','AC012'),(9,'2C','AC012'),(10,'2D','AC012'),(11,'2E','AC012'),(12,'2F','AC012'),(13,'3A','AC012'),(14,'3B','AC012'),(15,'3C','AC012'),(16,'3D','AC012'),(17,'3E','AC012'),(18,'3F','AC012'),(19,'4A','AC012'),(20,'4B','AC012'),(21,'4C','AC012'),(22,'4D','AC012'),(1,'1A','AC013'),(2,'1B','AC013'),(3,'1C','AC013'),(4,'1D','AC013'),(5,'1E','AC013'),(6,'1F','AC013'),(7,'2A','AC013'),(8,'2B','AC013'),(9,'2C','AC013'),(10,'2D','AC013'),(11,'2E','AC013'),(12,'2F','AC013'),(13,'3A','AC013'),(14,'3B','AC013'),(15,'3C','AC013'),(16,'3D','AC013'),(17,'3E','AC013'),(18,'3F','AC013'),(19,'4A','AC013'),(20,'4B','AC013'),(21,'4C','AC013'),(22,'4D','AC013'),(1,'1A','AC014'),(2,'1B','AC014'),(3,'1C','AC014'),(4,'1D','AC014'),(5,'1E','AC014'),(6,'1F','AC014'),(7,'2A','AC014'),(8,'2B','AC014'),(9,'2C','AC014'),(10,'2D','AC014'),(11,'2E','AC014'),(12,'2F','AC014'),(13,'3A','AC014'),(14,'3B','AC014'),(15,'3C','AC014'),(16,'3D','AC014'),(17,'3E','AC014'),(18,'3F','AC014'),(19,'4A','AC014'),(20,'4B','AC014'),(21,'4C','AC014'),(1,'1A','AC015'),(2,'1B','AC015'),(3,'1C','AC015'),(4,'1D','AC015'),(5,'1E','AC015'),(6,'1F','AC015'),(7,'2A','AC015'),(8,'2B','AC015'),(9,'2C','AC015'),(10,'2D','AC015'),(11,'2E','AC015'),(12,'2F','AC015'),(13,'3A','AC015'),(14,'3B','AC015'),(15,'3C','AC015'),(16,'3D','AC015'),(17,'3E','AC015'),(18,'3F','AC015'),(19,'4A','AC015'),(20,'4B','AC015');
INSERT INTO Baggage(IdBaggage,Poids,Type,IdPassager) VALUES (800001,29.00,'Soute',3),(800002,10.63,'Cabine',4),(800003,29.77,'Soute',5),(800004,19.55,'Soute',5),(800005,8.32,'Cabine',8),(800006,11.38,'Cabine',8),(800007,16.45,'Soute',9),(800008,16.48,'Sport',10),(800009,29.02,'Soute',10),(800010,9.92,'Cabine',12),(800011,8.39,'Cabine',12),(800012,7.13,'Cabine',14),(800013,18.95,'Sport',16),(800014,11.45,'Cabine',18),(800015,9.63,'Cabine',19),(800016,21.35,'Soute',22),(800017,18.00,'Soute',23),(800018,44.77,'Surdimensionné',24),(800019,31.77,'Soute',26),(800020,9.50,'Cabine',28),(800021,10.80,'Cabine',28),(800022,10.38,'Cabine',29),(800023,7.70,'Cabine',30),(800024,16.58,'Soute',33),(800025,29.24,'Soute',33),(800026,6.92,'Cabine',34),(800027,6.73,'Cabine',34),(800028,8.89,'Cabine',35),(800029,9.44,'Cabine',36),(800030,41.42,'Surdimensionné',37),(800031,10.20,'Cabine',40),(800032,17.19,'Soute',41),(800033,33.72,'Surdimensionné',42),(800034,10.77,'Cabine',44),(800035,24.76,'Soute',44),(800036,8.76,'Cabine',45),(800037,9.40,'Cabine',46),(800038,16.23,'Soute',47),(800039,17.74,'Soute',48),(800040,24.84,'Soute',49),(800041,8.25,'Cabine',50),(800042,28.59,'Soute',51),(800043,9.16,'Cabine',53),(800044,9.42,'Cabine',55),(800045,8.31,'Cabine',56),(800046,15.19,'Soute',59),(800047,9.42,'Cabine',60),(800048,10.39,'Cabine',61),(800049,8.08,'Cabine',62),(800050,11.22,'Cabine',63),(800051,44.96,'Surdimensionné',64),(800052,6.90,'Cabine',64),(800053,24.49,'Soute',65),(800054,10.22,'Cabine',66),(800055,11.92,'Cabine',66),(800056,29.84,'Soute',67),(800057,33.76,'Surdimensionné',68),(800058,22.43,'Soute',69),(800059,7.87,'Cabine',70),(800060,24.78,'Soute',70),(800061,6.08,'Cabine',73),(800062,6.16,'Cabine',75),(800063,16.17,'Soute',77),(800064,28.20,'Soute',77),(800065,9.62,'Cabine',80),(800066,18.50,'Soute',81),(800067,17.24,'Soute',82),(800068,25.41,'Soute',83),(800069,18.54,'Soute',84),(800070,19.76,'Soute',85),(800071,30.70,'Soute',86),(800072,9.78,'Cabine',86),(800073,18.43,'Soute',90),(800074,6.35,'Cabine',92),(800075,7.92,'Cabine',94),(800076,23.23,'Soute',97),(800077,6.86,'Cabine',98),(800078,7.21,'Cabine',98),(800079,8.06,'Cabine',99),(800080,17.76,'Soute',99),(800081,7.18,'Cabine',100),(800082,9.29,'Cabine',100),(800083,22.14,'Soute',101),(800084,11.06,'Cabine',101),(800085,9.78,'Cabine',102),(800086,15.34,'Soute',103),(800087,7.89,'Cabine',103),(800088,18.08,'Soute',104),(800089,27.82,'Soute',106),(800090,8.25,'Cabine',111),(800091,22.56,'Sport',112),(800092,8.81,'Cabine',114),(800093,26.26,'Soute',115),(800094,10.54,'Cabine',116),(800095,10.66,'Cabine',117),(800096,9.03,'Cabine',118),(800097,8.99,'Cabine',118),(800098,29.63,'Soute',119),(800099,6.73,'Cabine',120),(800100,20.06,'Soute',121),(800101,10.77,'Cabine',122),(800102,15.63,'Sport',123),(800103,8.55,'Cabine',123),(800104,15.87,'Soute',126),(800105,10.32,'Cabine',128),(800106,7.96,'Cabine',128),(800107,11.21,'Cabine',130),(800108,10.61,'Cabine',131),(800109,9.46,'Cabine',133),(800110,21.32,'Soute',135),(800111,10.90,'Cabine',135),(800112,6.21,'Cabine',136),(800113,24.70,'Sport',136),(800114,26.75,'Soute',138),(800115,31.24,'Soute',141),(800116,29.24,'Soute',141),(800117,18.67,'Soute',142),(800118,10.16,'Cabine',143),(800119,26.01,'Soute',144),(800120,24.18,'Soute',147),(800121,11.92,'Cabine',147),(800122,6.05,'Cabine',148),(800123,6.20,'Cabine',149),(800124,8.01,'Cabine',150),(800125,8.02,'Cabine',150),(800126,24.44,'Soute',154),(800127,25.45,'Soute',155),(800128,40.35,'Surdimensionné',155),(800129,6.11,'Cabine',157),(800130,8.83,'Cabine',158),(800131,19.10,'Soute',159),(800132,26.33,'Soute',160),(800133,28.59,'Soute',161),(800134,9.70,'Cabine',161),(800135,6.00,'Cabine',162),(800136,11.16,'Cabine',163),(800137,8.29,'Cabine',164),(800138,8.39,'Cabine',165),(800139,27.53,'Soute',165),(800140,10.60,'Cabine',167),(800141,6.56,'Cabine',168),(800142,37.95,'Surdimensionné',169),(800143,10.28,'Cabine',170),(800144,6.72,'Cabine',171),(800145,25.91,'Soute',173),(800146,22.01,'Sport',173),(800147,10.73,'Cabine',176),(800148,27.75,'Soute',176),(800149,21.25,'Soute',177),(800150,31.39,'Soute',179),(800151,8.91,'Cabine',179),(800152,8.97,'Cabine',180),(800153,8.41,'Cabine',181),(800154,6.38,'Cabine',182),(800155,31.62,'Soute',183),(800156,31.17,'Soute',184),(800157,23.38,'Soute',184),(800158,26.51,'Soute',185),(800159,9.44,'Cabine',185),(800160,6.49,'Cabine',187),(800161,15.43,'Soute',188),(800162,20.81,'Sport',188),(800163,20.17,'Soute',190),(800164,27.71,'Soute',190),(800165,15.99,'Soute',191),(800166,9.69,'Cabine',192),(800167,10.49,'Cabine',194),(800168,9.88,'Cabine',194),(800169,18.17,'Sport',196),(800170,10.85,'Cabine',197),(800171,22.66,'Soute',198),(800172,11.15,'Cabine',199),(800173,6.56,'Cabine',199),(800174,7.98,'Cabine',200),(800175,24.41,'Soute',202),(800176,8.33,'Cabine',203),(800177,30.46,'Soute',204),(800178,10.90,'Cabine',205),(800179,7.25,'Cabine',205),(800180,21.97,'Soute',206),(800181,17.53,'Soute',208),(800182,25.24,'Soute',210),(800183,11.32,'Cabine',212),(800184,22.82,'Soute',212),(800185,21.88,'Soute',213),(800186,36.43,'Surdimensionné',213),(800187,10.66,'Cabine',214),(800188,15.41,'Soute',219),(800189,10.90,'Cabine',219),(800190,7.06,'Cabine',220),(800191,10.97,'Cabine',221),(800192,9.49,'Cabine',221),(800193,6.18,'Cabine',223),(800194,29.28,'Soute',225),(800195,6.39,'Cabine',226),(800196,10.59,'Cabine',233),(800197,6.46,'Cabine',234),(800198,20.49,'Soute',234),(800199,7.84,'Cabine',236),(800200,28.92,'Soute',236),(800201,9.39,'Cabine',238),(800202,9.05,'Cabine',240),(800203,10.95,'Cabine',240),(800204,7.96,'Cabine',242),(800205,38.87,'Surdimensionné',243),(800206,28.12,'Soute',244),(800207,6.50,'Cabine',244),(800208,23.33,'Soute',245),(800209,24.64,'Soute',246),(800210,7.14,'Cabine',248),(800211,8.04,'Cabine',249),(800212,27.94,'Soute',250),(800213,6.40,'Cabine',252),(800214,38.04,'Surdimensionné',253),(800215,9.06,'Cabine',253),(800216,31.22,'Soute',255),(800217,17.92,'Sport',258),(800218,23.25,'Soute',261),(800219,24.72,'Soute',264),(800220,9.25,'Cabine',264),(800221,7.62,'Cabine',265),(800222,27.91,'Soute',265),(800223,8.89,'Cabine',266),(800224,9.49,'Cabine',267),(800225,22.47,'Sport',267),(800226,11.59,'Cabine',268),(800227,7.31,'Cabine',269),(800228,19.60,'Soute',272),(800229,6.37,'Cabine',274),(800230,11.47,'Cabine',276),(800231,10.14,'Cabine',277),(800232,7.12,'Cabine',283),(800233,10.09,'Cabine',284),(800234,6.51,'Cabine',284),(800235,9.44,'Cabine',285),(800236,7.46,'Cabine',286),(800237,7.26,'Cabine',286),(800238,6.71,'Cabine',288),(800239,8.98,'Cabine',289),(800240,26.25,'Soute',292),(800241,10.72,'Cabine',294),(800242,25.92,'Soute',295),(800243,20.18,'Soute',295),(800244,16.86,'Soute',296),(800245,31.90,'Soute',296),(800246,16.48,'Soute',297),(800247,27.72,'Soute',298),(800248,29.38,'Soute',300),(800249,6.70,'Cabine',301),(800250,37.62,'Surdimensionné',303),(800251,6.61,'Cabine',304),(800252,31.47,'Soute',305),(800253,6.47,'Cabine',307),(800254,8.53,'Cabine',308),(800255,8.58,'Cabine',308),(800256,10.20,'Cabine',309),(800257,7.13,'Cabine',309),(800258,26.16,'Soute',310),(800259,9.48,'Cabine',312),(800260,10.52,'Cabine',312),(800261,20.70,'Soute',313),(800262,18.43,'Sport',313),(800263,35.75,'Surdimensionné',315),(800264,29.35,'Soute',316),(800265,11.64,'Cabine',317),(800266,11.96,'Cabine',318),(800267,21.24,'Soute',318),(800268,18.62,'Soute',319),(800269,9.86,'Cabine',320),(800270,20.94,'Soute',322),(800271,7.75,'Cabine',325),(800272,23.24,'Soute',325),(800273,9.89,'Cabine',327),(800274,27.45,'Soute',329),(800275,6.54,'Cabine',330),(800276,19.63,'Soute',330),(800277,6.45,'Cabine',331),(800278,11.26,'Cabine',332),(800279,9.08,'Cabine',332),(800280,21.70,'Soute',333),(800281,8.85,'Cabine',333),(800282,30.59,'Soute',335),(800283,7.36,'Cabine',335),(800284,17.96,'Soute',337),(800285,11.42,'Cabine',338),(800286,6.90,'Cabine',338),(800287,19.51,'Soute',339),(800288,40.20,'Surdimensionné',340),(800289,22.71,'Soute',341),(800290,9.12,'Cabine',342),(800291,8.62,'Cabine',342),(800292,6.64,'Cabine',343),(800293,9.79,'Cabine',343),(800294,8.01,'Cabine',344),(800295,6.98,'Cabine',344),(800296,15.87,'Soute',345),(800297,24.09,'Soute',347),(800298,7.90,'Cabine',348),(800299,28.85,'Soute',352),(800300,7.20,'Cabine',353),(800301,30.02,'Soute',353),(800302,10.37,'Cabine',354),(800303,6.84,'Cabine',355),(800304,7.65,'Cabine',358),(800305,24.02,'Soute',359),(800306,15.13,'Soute',360),(800307,15.96,'Soute',361),(800308,10.45,'Cabine',362),(800309,8.24,'Cabine',363),(800310,10.77,'Cabine',364),(800311,10.53,'Cabine',365),(800312,41.52,'Surdimensionné',366),(800313,9.19,'Cabine',367),(800314,7.58,'Cabine',368),(800315,22.69,'Soute',369),(800316,28.67,'Soute',371),(800317,31.58,'Soute',372),(800318,6.69,'Cabine',373),(800319,10.52,'Cabine',374),(800320,6.86,'Cabine',375),(800321,8.84,'Cabine',376),(800322,7.00,'Cabine',377),(800323,8.48,'Cabine',378),(800324,6.11,'Cabine',379),(800325,8.11,'Cabine',380),(800326,7.14,'Cabine',381),(800327,15.50,'Soute',382),(800328,7.01,'Cabine',382),(800329,25.99,'Soute',383),(800330,15.55,'Soute',384),(800331,9.92,'Cabine',388),(800332,10.86,'Cabine',388),(800333,7.81,'Cabine',389),(800334,19.37,'Soute',392),(800335,8.20,'Cabine',393),(800336,10.01,'Cabine',396),(800337,27.39,'Soute',396),(800338,6.93,'Cabine',398),(800339,10.16,'Cabine',400),(800340,7.39,'Cabine',400),(800341,6.13,'Cabine',402),(800342,11.53,'Cabine',403),(800343,11.86,'Cabine',404),(800344,7.65,'Cabine',408),(800345,6.20,'Cabine',409),(800346,25.52,'Soute',409),(800347,17.70,'Sport',410),(800348,17.94,'Soute',411),(800349,8.33,'Cabine',411),(800350,35.94,'Surdimensionné',412),(800351,37.43,'Surdimensionné',412),(800352,24.58,'Soute',413),(800353,22.77,'Soute',415),(800354,10.28,'Cabine',417),(800355,8.26,'Cabine',418),(800356,7.29,'Cabine',419),(800357,24.73,'Soute',419),(800358,22.13,'Soute',421),(800359,15.22,'Soute',421),(800360,29.20,'Soute',422),(800361,6.60,'Cabine',425),(800362,24.22,'Sport',426),(800363,7.90,'Cabine',426),(800364,7.25,'Cabine',427),(800365,36.40,'Surdimensionné',429),(800366,20.95,'Soute',430),(800367,8.85,'Cabine',431),(800368,6.89,'Cabine',433),(800369,10.79,'Cabine',435),(800370,22.68,'Soute',436),(800371,6.32,'Cabine',437),(800372,19.82,'Soute',438),(800373,7.73,'Cabine',441),(800374,24.25,'Sport',442),(800375,29.29,'Soute',442),(800376,18.20,'Soute',443),(800377,7.30,'Cabine',446),(800378,21.93,'Soute',446),(800379,9.98,'Cabine',447),(800380,7.45,'Cabine',448),(800381,25.79,'Soute',448),(800382,44.14,'Surdimensionné',449),(800383,16.38,'Soute',449),(800384,26.38,'Soute',450),(800385,9.49,'Cabine',450),(800386,8.97,'Cabine',452),(800387,17.33,'Soute',454),(800388,25.94,'Soute',456),(800389,26.61,'Soute',457),(800390,27.62,'Soute',460),(800391,26.21,'Soute',461),(800392,6.11,'Cabine',461),(800393,26.46,'Soute',462),(800394,28.97,'Soute',463),(800395,10.62,'Cabine',464),(800396,19.50,'Soute',466),(800397,9.67,'Cabine',467),(800398,9.52,'Cabine',468),(800399,9.42,'Cabine',471),(800400,20.83,'Soute',474),(800401,6.92,'Cabine',475),(800402,18.79,'Soute',475),(800403,18.93,'Soute',480),(800404,8.55,'Cabine',481),(800405,11.87,'Cabine',482),(800406,23.77,'Soute',483),(800407,19.74,'Soute',484),(800408,8.47,'Cabine',486),(800409,8.53,'Cabine',487),(800410,19.77,'Soute',488),(800411,11.28,'Cabine',490),(800412,6.29,'Cabine',491),(800413,22.19,'Soute',491),(800414,6.25,'Cabine',493),(800415,16.11,'Soute',494),(800416,11.97,'Cabine',495),(800417,11.73,'Cabine',495),(800418,21.03,'Soute',496),(800419,8.14,'Cabine',496),(800420,25.72,'Soute',498),(800421,27.63,'Soute',501),(800422,16.96,'Soute',501),(800423,6.91,'Cabine',502),(800424,29.54,'Soute',503),(800425,27.65,'Soute',503),(800426,6.78,'Cabine',505),(800427,8.68,'Cabine',508),(800428,8.68,'Cabine',509),(800429,8.82,'Cabine',510),(800430,9.68,'Cabine',512),(800431,11.38,'Cabine',512),(800432,11.16,'Cabine',515),(800433,29.07,'Soute',516),(800434,20.48,'Soute',517),(800435,7.69,'Cabine',518),(800436,7.54,'Cabine',519),(800437,30.86,'Soute',522),(800438,11.77,'Cabine',522),(800439,11.74,'Cabine',525),(800440,11.87,'Cabine',530),(800441,15.62,'Soute',531),(800442,11.96,'Cabine',532),(800443,11.18,'Cabine',533),(800444,11.85,'Cabine',533),(800445,20.28,'Soute',534),(800446,22.13,'Soute',534),(800447,21.85,'Soute',535),(800448,15.49,'Soute',537),(800449,10.71,'Cabine',538),(800450,17.61,'Soute',539),(800451,24.31,'Soute',539),(800452,7.87,'Cabine',540),(800453,6.41,'Cabine',541),(800454,21.89,'Soute',543),(800455,8.12,'Cabine',544),(800456,6.62,'Cabine',545),(800457,9.80,'Cabine',546),(800458,11.93,'Cabine',547),(800459,43.14,'Surdimensionné',551),(800460,25.85,'Soute',552),(800461,10.41,'Cabine',552),(800462,9.09,'Cabine',557),(800463,8.01,'Cabine',558),(800464,6.48,'Cabine',558),(800465,27.40,'Soute',559),(800466,9.16,'Cabine',560),(800467,19.64,'Soute',562),(800468,29.34,'Soute',563),(800469,9.31,'Cabine',564),(800470,39.61,'Surdimensionné',565),(800471,8.40,'Cabine',568),(800472,11.77,'Cabine',569),(800473,24.31,'Soute',569),(800474,7.08,'Cabine',570),(800475,10.33,'Cabine',572),(800476,7.95,'Cabine',573),(800477,24.93,'Sport',574),(800478,25.80,'Soute',574),(800479,11.57,'Cabine',575),(800480,11.75,'Cabine',576),(800481,18.15,'Sport',576),(800482,9.19,'Cabine',577),(800483,7.38,'Cabine',579),(800484,8.89,'Cabine',580),(800485,31.36,'Soute',581),(800486,31.15,'Soute',583),(800487,18.02,'Soute',583),(800488,6.93,'Cabine',584),(800489,9.07,'Cabine',584),(800490,8.06,'Cabine',586),(800491,11.71,'Cabine',586),(800492,7.08,'Cabine',587),(800493,31.44,'Soute',587),(800494,19.41,'Soute',588),(800495,17.47,'Soute',588),(800496,9.10,'Cabine',589),(800497,24.85,'Soute',589),(800498,6.31,'Cabine',590),(800499,25.92,'Soute',592),(800500,7.28,'Cabine',593),(800501,22.58,'Soute',595),(800502,23.05,'Soute',597),(800503,19.99,'Soute',598),(800504,11.89,'Cabine',599),(800505,19.26,'Soute',599),(800506,23.84,'Soute',601),(800507,9.94,'Cabine',601),(800508,10.92,'Cabine',602),(800509,7.89,'Cabine',602),(800510,10.80,'Cabine',604),(800511,30.62,'Soute',605),(800512,28.63,'Soute',607),(800513,29.95,'Soute',607),(800514,7.09,'Cabine',610),(800515,11.56,'Cabine',614),(800516,22.56,'Soute',615),(800517,18.21,'Soute',617),(800518,6.88,'Cabine',619),(800519,10.98,'Cabine',620),(800520,27.62,'Soute',621),(800521,11.74,'Cabine',622),(800522,29.80,'Soute',625),(800523,24.86,'Soute',626),(800524,16.08,'Soute',628),(800525,16.95,'Sport',629),(800526,8.97,'Cabine',630),(800527,25.69,'Soute',630),(800528,15.40,'Soute',632),(800529,8.06,'Cabine',632),(800530,18.15,'Soute',634),(800531,24.09,'Soute',635),(800532,9.98,'Cabine',636),(800533,11.71,'Cabine',636),(800534,7.62,'Cabine',637),(800535,28.28,'Soute',637),(800536,10.30,'Cabine',638),(800537,9.77,'Cabine',640),(800538,9.39,'Cabine',641),(800539,10.97,'Cabine',642),(800540,17.66,'Sport',642),(800541,11.69,'Cabine',645),(800542,11.82,'Cabine',646),(800543,10.25,'Cabine',648),(800544,8.95,'Cabine',648),(800545,18.73,'Soute',649),(800546,21.90,'Soute',649),(800547,24.98,'Sport',652),(800548,6.06,'Cabine',653),(800549,18.50,'Soute',654),(800550,21.03,'Soute',654),(800551,9.78,'Cabine',656),(800552,28.85,'Soute',658),(800553,11.03,'Cabine',658),(800554,9.58,'Cabine',660),(800555,20.98,'Soute',660),(800556,16.10,'Soute',661),(800557,7.81,'Cabine',663),(800558,24.23,'Soute',664),(800559,31.84,'Soute',665),(800560,24.16,'Sport',672),(800561,22.57,'Soute',675),(800562,8.65,'Cabine',675),(800563,31.26,'Soute',676),(800564,27.37,'Soute',679),(800565,9.42,'Cabine',680),(800566,11.96,'Cabine',681),(800567,7.99,'Cabine',682),(800568,30.93,'Soute',683),(800569,21.31,'Soute',684),(800570,21.72,'Soute',686),(800571,6.84,'Cabine',688),(800572,24.37,'Soute',690),(800573,9.54,'Cabine',690),(800574,16.58,'Soute',691),(800575,11.79,'Cabine',692),(800576,8.89,'Cabine',695),(800577,15.24,'Soute',696),(800578,25.75,'Soute',696),(800579,6.58,'Cabine',697),(800580,7.31,'Cabine',697),(800581,20.69,'Soute',699),(800582,9.20,'Cabine',700),(800583,18.73,'Soute',702),(800584,8.42,'Cabine',702),(800585,27.69,'Soute',703),(800586,10.85,'Cabine',704),(800587,20.65,'Soute',706),(800588,8.11,'Cabine',708),(800589,19.02,'Soute',712),(800590,8.68,'Cabine',714),(800591,20.54,'Sport',714),(800592,11.23,'Cabine',716),(800593,20.31,'Soute',716),(800594,23.17,'Soute',717),(800595,8.20,'Cabine',717),(800596,8.80,'Cabine',720),(800597,23.41,'Soute',721),(800598,31.80,'Soute',721),(800599,6.27,'Cabine',722),(800600,31.64,'Soute',723),(800601,8.17,'Cabine',724),(800602,15.23,'Soute',726),(800603,7.29,'Cabine',727),(800604,17.52,'Sport',728),(800605,22.58,'Soute',728),(800606,29.73,'Soute',729),(800607,16.25,'Soute',730),(800608,9.38,'Cabine',730),(800609,15.97,'Sport',731),(800610,36.31,'Surdimensionné',732),(800611,36.37,'Surdimensionné',734),(800612,9.93,'Cabine',736),(800613,7.39,'Cabine',738),(800614,9.66,'Cabine',738),(800615,21.65,'Soute',739),(800616,31.45,'Soute',744),(800617,9.58,'Cabine',746),(800618,10.95,'Cabine',746),(800619,15.87,'Sport',747),(800620,8.93,'Cabine',748),(800621,24.24,'Sport',753),(800622,6.49,'Cabine',754),(800623,9.51,'Cabine',754),(800624,8.27,'Cabine',755),(800625,19.19,'Soute',755),(800626,10.30,'Cabine',756),(800627,29.16,'Soute',758),(800628,25.73,'Soute',759),(800629,6.31,'Cabine',760),(800630,7.47,'Cabine',760),(800631,26.11,'Soute',762),(800632,10.22,'Cabine',763),(800633,24.45,'Soute',765),(800634,21.08,'Soute',766),(800635,19.85,'Soute',769),(800636,11.79,'Cabine',770),(800637,6.12,'Cabine',771),(800638,21.41,'Soute',772),(800639,24.95,'Soute',776),(800640,24.55,'Soute',780),(800641,24.86,'Soute',781),(800642,9.65,'Cabine',781),(800643,9.15,'Cabine',785),(800644,19.27,'Soute',785),(800645,7.69,'Cabine',789),(800646,29.18,'Soute',790),(800647,26.01,'Soute',792),(800648,25.16,'Soute',793),(800649,10.33,'Cabine',793),(800650,20.21,'Sport',794),(800651,28.43,'Soute',795),(800652,9.87,'Cabine',796),(800653,6.30,'Cabine',796),(800654,21.66,'Soute',797),(800655,44.02,'Surdimensionné',798),(800656,28.03,'Soute',798),(800657,6.83,'Cabine',800),(800658,24.91,'Soute',801),(800659,28.59,'Soute',803),(800660,8.27,'Cabine',804),(800661,24.74,'Soute',805),(800662,30.35,'Soute',807),(800663,11.96,'Cabine',810),(800664,11.45,'Cabine',813),(800665,23.45,'Soute',813),(800666,7.96,'Cabine',814),(800667,6.95,'Cabine',815),(800668,11.18,'Cabine',815),(800669,7.73,'Cabine',816),(800670,16.37,'Soute',816),(800671,23.87,'Soute',817),(800672,15.42,'Soute',818),(800673,11.29,'Cabine',819),(800674,11.57,'Cabine',821),(800675,16.68,'Soute',824),(800676,11.79,'Cabine',825),(800677,10.56,'Cabine',825),(800678,11.48,'Cabine',826),(800679,17.32,'Soute',827),(800680,8.07,'Cabine',828),(800681,18.26,'Soute',829),(800682,7.27,'Cabine',830),(800683,8.66,'Cabine',830),(800684,10.81,'Cabine',833),(800685,31.23,'Soute',834),(800686,27.08,'Soute',835),(800687,7.05,'Cabine',836),(800688,19.03,'Soute',837),(800689,6.51,'Cabine',839),(800690,26.39,'Soute',841),(800691,29.31,'Soute',841),(800692,11.12,'Cabine',843),(800693,10.88,'Cabine',844),(800694,16.85,'Soute',845),(800695,18.05,'Soute',847),(800696,8.53,'Cabine',847),(800697,28.48,'Soute',848),(800698,30.51,'Soute',848),(800699,20.89,'Soute',849),(800700,10.63,'Cabine',849),(800701,29.43,'Soute',850),(800702,10.14,'Cabine',850),(800703,16.67,'Sport',851),(800704,22.21,'Soute',852),(800705,7.26,'Cabine',853),(800706,16.96,'Soute',854),(800707,10.79,'Cabine',855),(800708,22.29,'Sport',855),(800709,25.40,'Soute',858),(800710,18.62,'Soute',859),(800711,23.21,'Soute',860),(800712,33.67,'Surdimensionné',860),(800713,26.71,'Soute',861),(800714,34.78,'Surdimensionné',862),(800715,24.92,'Soute',863),(800716,22.51,'Sport',863),(800717,10.57,'Cabine',864),(800718,6.48,'Cabine',865),(800719,11.84,'Cabine',866),(800720,8.77,'Cabine',866),(800721,30.83,'Soute',867),(800722,10.17,'Cabine',869),(800723,7.91,'Cabine',870),(800724,7.28,'Cabine',871),(800725,20.32,'Sport',871),(800726,10.94,'Cabine',872),(800727,8.18,'Cabine',872),(800728,24.31,'Soute',873),(800729,7.22,'Cabine',874),(800730,7.64,'Cabine',875),(800731,30.14,'Soute',878),(800732,8.40,'Cabine',879),(800733,32.03,'Surdimensionné',880),(800734,19.16,'Soute',881),(800735,28.81,'Soute',881),(800736,17.29,'Soute',883),(800737,39.65,'Surdimensionné',884),(800738,28.20,'Soute',886),(800739,44.88,'Surdimensionné',886),(800740,18.55,'Soute',887),(800741,20.31,'Sport',889),(800742,7.73,'Cabine',891),(800743,11.74,'Cabine',892),(800744,22.43,'Sport',894),(800745,7.60,'Cabine',895),(800746,11.22,'Cabine',897),(800747,42.10,'Surdimensionné',899),(800748,27.74,'Soute',903),(800749,8.18,'Cabine',904),(800750,6.25,'Cabine',904),(800751,16.96,'Soute',906),(800752,22.55,'Soute',907),(800753,30.24,'Soute',907),(800754,22.30,'Soute',909),(800755,9.83,'Cabine',909),(800756,16.02,'Soute',911),(800757,22.29,'Soute',912),(800758,29.35,'Soute',914),(800759,8.53,'Cabine',914),(800760,26.21,'Soute',915),(800761,7.42,'Cabine',916),(800762,38.60,'Surdimensionné',916),(800763,27.09,'Soute',917),(800764,9.14,'Cabine',918),(800765,26.47,'Soute',919),(800766,17.37,'Soute',920),(800767,6.69,'Cabine',920),(800768,16.88,'Soute',921),(800769,7.82,'Cabine',922),(800770,8.80,'Cabine',925),(800771,7.76,'Cabine',925),(800772,9.85,'Cabine',926),(800773,9.47,'Cabine',927),(800774,15.52,'Soute',928),(800775,23.09,'Soute',930),(800776,16.84,'Soute',931),(800777,29.15,'Soute',932),(800778,9.17,'Cabine',932),(800779,21.17,'Soute',934),(800780,24.92,'Soute',937),(800781,8.22,'Cabine',939),(800782,9.84,'Cabine',939),(800783,8.89,'Cabine',941),(800784,16.03,'Soute',942),(800785,7.26,'Cabine',942),(800786,23.84,'Soute',943),(800787,22.86,'Soute',944),(800788,8.37,'Cabine',944),(800789,7.83,'Cabine',946),(800790,21.58,'Sport',948),(800791,36.84,'Surdimensionné',949),(800792,6.47,'Cabine',949),(800793,6.76,'Cabine',950),(800794,6.83,'Cabine',953),(800795,28.41,'Soute',954),(800796,39.44,'Surdimensionné',955),(800797,20.20,'Soute',957),(800798,18.01,'Soute',959),(800799,8.30,'Cabine',960),(800800,30.11,'Soute',961),(800801,9.49,'Cabine',962),(800802,7.42,'Cabine',962),(800803,27.82,'Soute',963),(800804,9.24,'Cabine',966),(800805,17.12,'Soute',967),(800806,8.16,'Cabine',967),(800807,10.68,'Cabine',969),(800808,18.90,'Soute',972),(800809,7.00,'Cabine',972),(800810,26.50,'Soute',973),(800811,27.78,'Soute',974),(800812,6.06,'Cabine',975),(800813,29.48,'Soute',975),(800814,20.38,'Soute',976),(800815,8.44,'Cabine',977),(800816,18.30,'Soute',978),(800817,21.92,'Soute',979),(800818,6.33,'Cabine',980),(800819,10.08,'Cabine',981),(800820,19.81,'Soute',983),(800821,9.85,'Cabine',984),(800822,7.31,'Cabine',985),(800823,9.14,'Cabine',985),(800824,24.30,'Sport',987),(800825,17.36,'Soute',988),(800826,15.25,'Soute',988),(800827,27.94,'Soute',989),(800828,8.71,'Cabine',991),(800829,11.56,'Cabine',991),(800830,21.23,'Soute',992),(800831,28.55,'Soute',995),(800832,6.45,'Cabine',997),(800833,9.30,'Cabine',998),(800834,31.24,'Soute',998),(800835,22.92,'Soute',1000),(800836,6.71,'Cabine',216),(800837,7.43,'Cabine',658),(800838,8.29,'Cabine',968),(800839,10.04,'Cabine',897),(800840,8.14,'Cabine',345),(800841,9.27,'Cabine',194),(800842,11.73,'Cabine',891),(800843,6.98,'Cabine',691),(800844,8.09,'Cabine',856),(800845,9.51,'Cabine',562),(800846,11.91,'Cabine',661),(800847,6.15,'Cabine',827),(800848,8.81,'Cabine',816),(800849,8.04,'Cabine',373),(800850,9.35,'Cabine',958),(800851,11.08,'Cabine',106),(800852,7.50,'Cabine',338),(800853,8.07,'Cabine',71),(800854,10.34,'Cabine',151),(800855,11.43,'Cabine',913),(800856,6.34,'Cabine',886),(800857,6.29,'Cabine',154),(800858,11.11,'Cabine',787),(800859,6.72,'Cabine',932),(800860,7.65,'Cabine',583),(800861,6.71,'Cabine',334),(800862,10.16,'Cabine',145),(800863,8.43,'Cabine',184),(800864,9.08,'Cabine',423),(800865,7.83,'Cabine',194),(800866,11.99,'Cabine',455),(800867,6.24,'Cabine',854),(800868,8.50,'Cabine',167),(800869,7.70,'Cabine',763),(800870,7.25,'Cabine',874),(800871,7.55,'Cabine',890),(800872,11.43,'Cabine',149),(800873,11.53,'Cabine',794),(800874,7.35,'Cabine',965),(800875,6.98,'Cabine',863),(800876,9.21,'Cabine',125),(800877,6.08,'Cabine',154),(800878,8.65,'Cabine',585),(800879,7.64,'Cabine',403),(800880,9.20,'Cabine',115),(800881,9.21,'Cabine',245),(800882,7.44,'Cabine',584),(800883,7.47,'Cabine',461),(800884,9.12,'Cabine',431),(800885,8.73,'Cabine',168),(800886,9.40,'Cabine',861),(800887,6.41,'Cabine',868),(800888,8.40,'Cabine',358),(800889,6.30,'Cabine',612),(800890,8.21,'Cabine',68),(800891,6.25,'Cabine',768),(800892,11.71,'Cabine',357),(800893,10.88,'Cabine',981),(800894,11.06,'Cabine',426),(800895,7.63,'Cabine',180),(800896,10.82,'Cabine',655),(800897,11.71,'Cabine',695),(800898,6.55,'Cabine',452),(800899,8.48,'Cabine',745),(800900,8.21,'Cabine',47),(800901,7.97,'Cabine',945),(800902,6.60,'Cabine',967),(800903,7.42,'Cabine',905),(800904,9.55,'Cabine',106),(800905,6.37,'Cabine',966),(800906,11.33,'Cabine',705),(800907,10.86,'Cabine',460),(800908,8.60,'Cabine',582),(800909,11.12,'Cabine',716),(800910,8.41,'Cabine',937),(800911,7.35,'Cabine',833),(800912,7.17,'Cabine',278),(800913,7.67,'Cabine',459),(800914,8.00,'Cabine',340),(800915,7.59,'Cabine',795),(800916,7.13,'Cabine',707),(800917,10.12,'Cabine',451),(800918,11.08,'Cabine',334),(800919,7.10,'Cabine',580),(800920,11.87,'Cabine',279),(800921,6.14,'Cabine',790),(800922,9.09,'Cabine',928),(800923,9.36,'Cabine',102),(800924,10.04,'Cabine',52),(800925,11.95,'Cabine',534),(800926,11.79,'Cabine',998),(800927,8.91,'Cabine',548),(800928,8.63,'Cabine',400),(800929,9.97,'Cabine',364),(800930,6.75,'Cabine',651),(800931,6.92,'Cabine',675),(800932,8.67,'Cabine',942),(800933,9.78,'Cabine',387),(800934,6.84,'Cabine',971),(800935,7.09,'Cabine',349),(800936,9.33,'Cabine',22),(800937,8.32,'Cabine',577),(800938,8.24,'Cabine',1),(800939,7.78,'Cabine',448),(800940,11.97,'Cabine',461),(800941,8.12,'Cabine',794),(800942,10.80,'Cabine',700),(800943,10.50,'Cabine',864),(800944,11.49,'Cabine',825),(800945,10.02,'Cabine',932),(800946,8.96,'Cabine',337),(800947,11.23,'Cabine',60),(800948,11.73,'Cabine',129),(800949,7.68,'Cabine',5),(800950,10.52,'Cabine',625),(800951,9.81,'Cabine',715),(800952,8.20,'Cabine',859),(800953,9.61,'Cabine',391),(800954,9.45,'Cabine',975),(800955,9.37,'Cabine',309),(800956,6.17,'Cabine',736),(800957,9.60,'Cabine',769),(800958,6.31,'Cabine',537),(800959,10.76,'Cabine',769),(800960,7.47,'Cabine',527),(800961,9.76,'Cabine',77),(800962,8.54,'Cabine',808),(800963,11.75,'Cabine',850),(800964,8.26,'Cabine',609),(800965,7.26,'Cabine',335),(800966,10.18,'Cabine',682),(800967,8.47,'Cabine',419),(800968,6.44,'Cabine',813),(800969,10.22,'Cabine',756),(800970,6.49,'Cabine',565),(800971,10.86,'Cabine',777),(800972,7.56,'Cabine',265),(800973,11.24,'Cabine',899),(800974,9.01,'Cabine',614),(800975,8.07,'Cabine',129),(800976,9.35,'Cabine',776),(800977,6.91,'Cabine',922),(800978,11.99,'Cabine',445),(800979,7.17,'Cabine',682),(800980,8.41,'Cabine',131),(800981,8.60,'Cabine',729),(800982,11.35,'Cabine',627),(800983,8.33,'Cabine',773),(800984,11.43,'Cabine',614),(800985,11.82,'Cabine',484),(800986,9.29,'Cabine',279),(800987,7.38,'Cabine',202),(800988,9.82,'Cabine',612),(800989,6.95,'Cabine',216),(800990,11.85,'Cabine',844),(800991,6.12,'Cabine',945),(800992,9.08,'Cabine',357),(800993,6.19,'Cabine',984),(800994,7.55,'Cabine',960),(800995,11.37,'Cabine',57),(800996,11.57,'Cabine',929),(800997,10.76,'Cabine',772),(800998,9.72,'Cabine',798),(800999,11.32,'Cabine',357),(801000,7.84,'Cabine',207);
COMMIT;